
name_list_vietnamese = {

	dynasty_name_first = yes

	cadet_dynasty_names = {
	"dynn_Le_vn" "dynn_Ly_vn" "dynn_Tran_vn" "dynn_Nguyen_vn" "dynn_Pham_vn" "dynn_Huynh_vn" "dynn_Hoang_vn" "dynn_Vo_vn" "dynn_Phan_vn" "dynn_Truong_vn" 
"dynn_Bui_vn" "dynn_Dang_vn" "dynn_Khuc" " dynn_Do_vn" "dynn_Ngo_vn" "dynn_Ho_vn" "dynn_Duong_vn" "dynn_Dinh_vn" "dynn_Doan_vn" "dynn_Lam_vn" "dynn_Mai_vn" 
"dynn_Trinh_vn" "dynn_Dao_vn" "dynn_Cao_vn" "dynn_Ha_vn" "dynn_Luu_vn" "dynn_Luong_vn" "dynn_Thai_vn" "dynn_Chau_vn" "dynn_Ta_vn" "dynn_Phung_vn"
"dynn_To_vn" "dynn_Vuong_vn" "dynn_Van_vn" "dynn_Tang_vn" "dynn_Quach_vn" "dynn_Lai_vn" "dynn_Hua_vn" "dynn_Thach_vn" "dynn_Diep_vn" "dynn_Tu_vn" 
"dynn_Chu_vn" "dynn_La_vn" "dynn_Dam_vn"  "dynn_Tong_vn" "dynn_Giang_vn" "dynn_Chung_vn" "dynn_Trieu_vn" "dynn_Kieu_vn" "dynn_Hong_vn" "dynn_Trang_vn"
"dynn_Dong_vn" "dynn_Danh_vn" "dynn_Lu_vn" "dynn_Lux_vn" "dynn_Than_vn" " dynn_Kim_vn" "dynn_Auduong_vn" "dynn_Au_vn" "dynn_Ma_vn" "dynn_Bach_vn" 
"dynn_Lieu_vn" "dynn_Banh_vn" "dynn_Nghiem_vn" "dynn_Ton_vn" "dynn_Luc_vn" "dynn_Quan_vn" "dynn_Phuong_vn" dynn_Dau_vn" "dynn_Tao_vn" "dynn_Vien_vn"
"dynn_Nguy_vn" "dynn_Duong_vn" "dynn_Phung_vn"
		
	}

	dynasty_names = {
	"dynn_Le_vn" "dynn_Ly_vn" "dynn_Tran_vn" "dynn_Nguyen_vn" "dynn_Pham_vn" "dynn_Huynh_vn" "dynn_Hoang_vn" "dynn_Vo_vn" "dynn_Phan_vn" "dynn_Truong_vn" 
"dynn_Bui_vn" "dynn_Dang_vn" "dynn_Khuc" " dynn_Do_vn" "dynn_Ngo_vn" "dynn_Ho_vn" "dynn_Duong_vn" "dynn_Dinh_vn" "dynn_Doan_vn" "dynn_Lam_vn" "dynn_Mai_vn" 
"dynn_Trinh_vn" "dynn_Dao_vn" "dynn_Cao_vn" "dynn_Ha_vn" "dynn_Luu_vn" "dynn_Luong_vn" "dynn_Thai_vn" "dynn_Chau_vn" "dynn_Ta_vn" "dynn_Phung_vn"
"dynn_To_vn" "dynn_Vuong_vn" "dynn_Van_vn" "dynn_Tang_vn" "dynn_Quach_vn" "dynn_Lai_vn" "dynn_Hua_vn" "dynn_Thach_vn" "dynn_Diep_vn" "dynn_Tu_vn" 
"dynn_Chu_vn" "dynn_La_vn" "dynn_Dam_vn"  "dynn_Tong_vn" "dynn_Giang_vn" "dynn_Chung_vn" "dynn_Trieu_vn" "dynn_Kieu_vn" "dynn_Hong_vn" "dynn_Trang_vn"
"dynn_Dong_vn" "dynn_Danh_vn" "dynn_Lu_vn" "dynn_Lux_vn" "dynn_Than_vn" " dynn_Kim_vn" "dynn_Auduong_vn" "dynn_Au_vn" "dynn_Ma_vn" "dynn_Bach_vn" 
"dynn_Lieu_vn" "dynn_Banh_vn" "dynn_Nghiem_vn" "dynn_Ton_vn" "dynn_Luc_vn" "dynn_Quan_vn" "dynn_Phuong_vn" dynn_Dau_vn" "dynn_Tao_vn" "dynn_Vien_vn"
"dynn_Nguy_vn" "dynn_Duong_vn" "dynn_Phung_vn"
	}

	male_names = {
		An An_Dung Anh Anh_Tai Anhthuy Anh_Tuan Anh_Viet Bac Bang Bao Bao_Chinh Bao_Dung Bao_Huan Bao_Long Ba_Quat Bieu_Duc Bi_ Binh Binh_Minh Bo_Linh Bo_ng Bui
		Buu Cadao Cam Can Canh Cao Cham Chan Chau Chi Chien Chieu_Giang Chim Chinh Chuong Co_i Cong Cong_Uan_vn Cuong Da Dam Dan Dang Dang_Quang Danh Dai_Hanh_vn Dat Dien 
		Diep Dieu_Hien Dinh Dinh_Die Dinh_Ho Dinh_Nghe Do Doan Doanh Don Dong Dong_Pha Du Duc Duc Due_ Dung Duoc Duong Duy Duy_Hien Duy_Viet 
		Gap Giang Giang_Chau Ha Hac Hai Han Hao Hao_Ngoc Hau Hien Hiep Hieu Hoa Hoai_Viet Hoang_vn Hoang_Anh Hoang_Nam Hoang_Nguyen Hoang_Quan 
		Hoang_Thien Hoang_Vu Hong Ho_Phong Hue_ Huan Hung Huong Hu_u Huu_Kiet Huu_Thuc Huy Huy_Lam Huynh Hy Kha Khai Khang Khanh Khiem Khoa Khoi Khuong
		Kinh_Duong Kie_m Kien_Tanh Kiet Kim Kim_Long Kinh Khuong_Dan Khuong_Nghia Khuong_Ngung Lich Lien Lie_u Linh Loan Loc Loi Long Long_Can_vn Long_Tuong Long_Viet Luan Luc Luong Luye_n 
		Mac Mai Man_vn Manh Miem_Tham Minh Minh_Hoang Minh_Huy Minh_Quan Minh_Thien Minh_Tri Minh_Vu Muoi My Nam Nam_Dzi Nga_n Nghia Nghiep Ngoc Ngung Nguyen Nhan Nhan_Phuc
		Nhat Nhat_Canh Nhat_Vu Nhieu Nghi_Dan Nhu Pham Phat Phat_Ma Phi Phi_Son Phong Phu Phuc Phuc Phuoc Phuong Pin Quan Quang Quoc Quoc_Bao Quoc_Hung 
		Quoc_Huy Quoc_Trung Quoc_Viet Quy Quyen Quynh Sahn Sang Sanh So Son Son_Huy Su_ Tai Tam Tam_Kha Tan Tanh Tao Thach Thai Thai_Son Than Thang Thanh
		The_Huy Thie_u Thiem Thien Thien_An Thien_Dinh Thien_To_vn Thieu_vn Thieu_Tu Thinh Tho Thoai Thong Thu Thu_Do Thua_Du Thua_My Thuan Thuan_An Thuc Tien_Chu Thuong Thuy Thuye_t
		Tien Tiep Tieu Tin Tinh Toan Tohn Tong Tong_Huan Trac Trai Tri Triet Trieu Trong Trong_Ngo Truong_Son Truc Truong Tu Tu_Cung Tu_Gian Tuan Tuan_Dung 
		Tuan_Kiet Tuan_Minh Tung Tung_Hieu Tuong Tuy Tuyen Uy Van Van_Bang Van_Chuong Van_Lang Van_Long Van_Luong Van_Son Van_Tien Vie_m Vien Viet Vinh Vinh_San
		Vo Vu Vui Vuong Xao Xuan Xuan_Binh Xuong_Ngap Xuong_Quan Xuong_Van Xuong_Xi Xuyen
	}
	female_names = {
		Ai Ai_Quynh Am An An_Binh Anh Anhthu Anhthuy Au Bao_Chau Bao_Tram Be Bich Bich_Mai Bich_Ngoc Bich_Thuy Binh Bua Cac_Tien Cam_Anh Cam_Hong Cam_Thi 
		Cam_Tu Can Catphuong Chau Chi Chieu Chieu_Anh Chinh Chuon Chuon Dai Dep Dianauyen Diem Diem_Hoang Diet Dieu_Kiem Doan Dung Duyen Giang Giang_Linh 
		Gung Ha Hai_Trieu Hai_Van Ha_Minh Han Hang Hanh Hao Hien Hien_Thy Hieu Hoa Hoai Hoaithaomi Hoan Hoang Hoangoang Hoangquyen Hong Hong_Lan Hue Huong 
		Huyen Huyen_Dung Kha Khanh_Lan Khanh_Van Khe Khiem Khoa Kieu Kim Kim_Anh Kim_Dung Kimmai Kimmi Kim_Oanh Kim_Thu Kim_Xuyen Lai_Giang Lan Lan_Chi Lang 
		Le Le_Mai Lien Lieu Linh Linh_Mai Loan Luan Lui Ly Lyly Mai Mai_An Mai_Lan Mai_Linh Mai_Ly Mai_Trang Mai_Trinh Mi Mieu Minh Minh_Chau Minh_Ha Minh_Ly 
		Minh_Ngoc Minh_Thu Moc My Myan Myanh My_Hanh My_Khanh Mylan Mylien Mylinh My_Tien My_Trinh Namphuon Namphuong Nga Ngan Ngoc Ngoc_Mai Ngoc_Thao 
		Ngoc_Tran Ngoc_Vy Nguyen Nguyet Nha Nhan Nha_Quyen Nhi Nhu Nhung Nhu_Van Nu Oanh Phan Phi_Phuong Phi_Van Phong_Van Phu Phung Phung_Lan Phuoc Phuong 
		Phuong_Anh Phuong_Thanh Phuong_Vu Phu_Qui Quy Quyen Quyendi Quynh Quynh_Anh Quynh_Mai Quynh_Nhu Sau So Suong Tam Tam_Trang Tan_Xuan Tao Thai_Vi 
		Thang Thanh Thanh_Han Thanh_Huong Thanh_Tam Thanh_Tien Thanh_Tuy Thao The Thi Thi_Diem Thien Thien_Huong Thien_Mai Thi_Trinh Tho Thoa Thong Thu Thuam 
		Thuc_Nga Thuc_Tran Thu_Hoa Thu_Hong Thu_Kim Thu_Lan Thu_Lee Thuy Thuy_Doan Thuydy Thuyen Thuy_Hong Thuy_Linh Thuy_Tien Thuy_Van Thuyvi Thuy_Vu Thuyvy 
		Thy Thyan Tien To_Khuyen Trac Tram Tram Kimmi Tran Trang Trinh Trini Tron Truc Truong_Giang Tuongvi Tu_Quyen Tu_Trinh Tuyen_Thanh Tuyet Tuyet_Minh 
		Ut Uyen Uyen_Nghi Uyen_Phuo Van Van_Quyen Vi Vinh Vy Vyvy Xuan Xuan_Lan Xuan_Phuong Yen
	}

}
