aaron_male = { Aaron AarO_n Haroun Aharon Aron }
aasa_female = { A_sa A_se Asa A__sa }
abahu_male = { Abahu Avda }
abaya_male = { Abaya Abaye Abayi }
abderrahman_male = { Abderrahman Abderahman Abdirahman }
abdullah_male = { Abdullah Abdallah Abdulah AvdiEl Abdala }
abba_male = { Abba Aba }
abel_male = { Abel AbE_l Habil }
abijah_male = { Abijah Abianos Aviyah }
abraham_male = { Abraham Abraam Avraaham Brahim Ebrahim Ibrahim Avraham I_brahim I_brahI_m }
abrelda_female = { Abrelda Abrella Afrella }
achalraja_male = { Achalraja Achalraj }
adam_male = { Adam Adamu Aatso Adimun Adem }
adela_female = { Adela AdE_la AdE_le Addila Adelah Adele Adelia }
adelaide_female = { Adelaide AdalaI_da AdelaI_da Adelaida Adelheid Aleydis Elke Adelhaid Adelayida Aleidis AdalaI_de }
adeltrudis_female = { Adeltrudis Altruda }
ademar_male = { AdE_mar E_thelmE_r Ademar }
aditya_male = { Aditya Atitta }
adolf_male = { Adolf E_thelwulf Alo Eadulf Eadwulf Edulf Indulf Ildulb Adelof ET_elulf }
adrian_male = { Adrian Adran Adrianos Adrien Hadrian Adrianu }
adriana_female = { Adriana Adriane Hadriana }
aelflaeda_female = { E_lflE_da E_lfflE_d }
aelwyd_female = { Aelwyd Aeluit }
aethelfred_male = { Aethelfred Edylfred }
aethelreda_female = { E_thelreda E_thelrE_da E_thelthryth }
aethelwold_male = { E_thelwold E_thelweald }
afrasiyab_male = { Afrasiyab Efrasiyab }
afshar_male = { Afshar EfS_er }
agatha_female = { Agatha AgA_ta Agafya Agata Agathe AguE_ta A_gata Ahafiia Ahafja AgafI_ja Agace Agita }
agathos_male = { Agathos Agathon }
agilulf_male = { Agilulf Agilof }
agnes_female = { Agnes A_gnes A_ine AgnE_s Agne Agnese Agnieszka AinE_s Aines Annest Auni InEEs InE_s Nest Nesta Uunis Agnesa Ahniia Una U_na }
ahmad_male = { Ahmad Ehmed Ahmed Ahmet }
ahha_male = { Ahha Ahai }
ailred_male = { Ailred E_thelrE_d Edryd }
aiulf_male = { Aiulf Ajo }
akbar_male = { Akbar Ekber }
ake_male = { A_ke A__ke }
alan_male = { Alan Alain Allan }
alaric_male = { Alaric Alar Alarich Alaricho Alaricos }
albert_male = { Albert E_thelberht Adalbert Adalberto Alberto Albrecht Albrikt Aldebert Altpert BE_la Erp VojtE_ch Wojciech ArbE_rt Adelbrik Albertu Adelpreto }
aldonza_female = { Aldonza AldonC_a Aldontza Eldonza }
aldric_male = { Aldric Aldrich }
aldroenus_male = { Aldroenus Aldrien Aldwr }
alduara_female = { Alduara Aldara Elduara }
alebrand_male = { Alebrand Adalbrand }
alexander_male = { Alexander Alastair Aleksander Aleksandr Aleksandre Ales Alessandro Alexandr Alexandros Alexandru Alisander Allisander Chaandy Eskander Iskander Iskinder SA_ndor Iskender Alechsandri Iskandar I_skender AlE_xandro Sandro Aleksandri Alissandru Lissandru Oleksandr Aliaksandr OleksandrU_ Alixandre AleksandE_r Lissandri }
alexandra_female = { Alexandra Saundra Aleksandra Oleksandra Aliaksandra Alessandre }
alexia_female = { Alexia Alexeia Alessia }
alexis_male = { Alexis Alexei Alexios Alessio Alessiu Oleksii Aliaksiej Oleksii2 Aleksii }
alf_male = { Alf Alfr Alv A_lfr }
alfgeir_male = { Alfgeir A_lfgeir}
alfhild_female = { Alfhild Alfhildr A_lfrhildr }
alfred_male = { Alfred E_lfrE_d Acfred Alured }
alfridh_female = { Alfridh AlfriT_ AlfrI_D_r }
ale_male = { Ale A_li }	# Nordic
ali_male = { Ali ElI_ OlI_ _Ali_ _AlI_ Eli } # Arabic
alice_female = { Alice AlaI_s Alausia AliC_ Alicia Alijse Alis Alisce Alisia Alitz Alix Allust Alys Anleta Alisa }
almodis_female = { Almodis Adalmode AlmO_dis }
alphonse_male = { Alphonse Adelfonso Adfuns Afonso Alfons Alfonso Alfonsu Alfontso Alifonso Alonso AnfO_s Alfonzu }
alstan_male = { Alstan E_lfstan E_thelstan Elystan }
alvor_female = { A_lvO_r AlvO_r }
alwin_male = { Alwin E_lfwine E_lle E_thelwine Aelle AilpI_n Alboin Algwyn Alpin Alwen Alwyn Audoin Ealdwine Elfin Elpin }
amalric_male = { Amalric Amalrich Amalaricho Amaury Manrike Manrique Amelrich Amalaric }
amarabhujanga_male = { Amarabhujanga Amarapuyankan }
ambara_male = { Ambara Ambare }
ambrosius_male = { Ambrosius Ambroz Emrys Ambrogio AmbrouE_s Ambbrogghiu AmbrO_su AmbroZ_ }
amelia_female = { Amelia AmA_lia Amalia Amalie Amelie }
ammangadevi_female = { Ammangadevi AmmankA_tE_vi }
anangpala_male = { Anangpala Anangpal }
anastasia_female = { Anastasia Anastazja Anastasiia Nastassia Nastasija Nastasiia }
anastasius_male = { Anastasius Anastasios Anastasio Anasthasius }
andrew_male = { Andrew Anders AndrA_s AndrE_ AndrE_s Andrea Andreas Andrei Andrija Androus Andrzej JE_drzej OndR_ej Andre Andrii Andrej AndrE_i Handrij Aindrias Andri Anteru Andria Andree }
andrea_female = { Andrea Andrijana Andreja }
andronicus_male = { Andronicus Andronik Andronikos Andronico Andronic }
angel_male = { Angel Angelo Anghel Angelus AN_gelos EngjE_ll A_ngilu }
angela_female = { Angela A_ngila Anzule }
angus_male = { Angus A_engus O_engus Ungust Unuist }
anna_male = { Anah }
anna_female = { Anna Ana Annamma Anne Annes Hana Hanna Anah }
anthimos_male = { Anthimos Anthinos }
antonius_male = { Antonius Annwn Antoine Anton Antoni Antonio Antonios Antony Tuone AntouE_no Antoniu }
antoninus_male = { Antoninus Antonino Antuninu }
anund_male = { Anund Anundr O_nundr }
anupapala_male = { Anupapala Anuppal }
anushirvan_male = { Anushirvan EnU_S_irwan }
aparajita_male = { Aparajita AparA_cita }
aparajitavarman_male = { Aparajitavarman AparA_citavarman }
arcadius_male = { Arcadius Argad Arkadiusz Arkadiy Arkadii }
archibald_male = { Archibald Archambaud Archimbaud Archambaut Arcibaldo }
ardahan_male = { Ardahan Erdehan }
ardavan_male = { Ardavan Artivan Erdewan }
ardeshir_male = { Ardeshir Artashir ErdeS_I_r }
arikesari_male = { Arikesari ArikE_cari }
arinjaya_male = { Arinjaya AriN_caya }
aristaces_male = { Aristaces Aristakes Aristarchos Aristarchus Aristarkh Arystarkh Arystarch }
arjuna_female = { Arjuna Arjune }
arjunpala_male = { Arjunpala Arjunpal }
arne_male = { Arne Arni A_rni }
arngrimr_male = { Arngrimr ArngrI_mr }
arnold_male = { Arnold Arnald Arnalt Arnau Arnaud Arnault Arnaut Arnd ArnO_d Arnaldo }
arnulf_male = { Arnulf Arnoul }
arsenda_female = { Arsenda Arsinde }
arslan_male = { Arslan Arslam Araslan ArI_slan }
artal_male = { Artal Artau Artaud ArtO_d }
artemius_male = { Artemius Arthen }
arthbodus_male = { Arthbodus Arthfoddw }
arthur_male = { Arthur Achiuir ArtU_r Art Arthwr Artur Aarto Artorius Arthguiu Arthueu Arthuiu Arthwys }
asbjorn_male = { AsbjO_rn A_sbjO_rn }
ascanius_male = { Ascanius Ascanio Ascaniu }
asher_male = { Asher Ashur }
ashoka_male = { Ashoka Asoke }
ashot_male = { Ashot ES_ot }
askell_male = { Eskild A_skell }
aslaug_female = { Aslaug A_slaug }
asig_male = { Asig Esiko }
asta_female = { Asta A_sta A__sta }
astrid_female = { Astrid Estrid A_strI_D_r }
athanasius_male = { Athanasius Afanasiy Athanasios Afanasii Afanasij }
athirajendra_male = { Athirajendra AtirA_cE_ntira }
atrnerseh_male = { Atrnerseh Adarnase }
aubrey_male = { Aubrey Alberich Aubry AlbE_ric Alberic }
august_male = { August Auust Agout Awst O_gusto Augusto Augustu }
augustine_male = { Augustine AugustI_n Agustin Augustin Awgustin A_goston Austinu Agostin }
aurelia_female = { Aurelia Efrddyl Efyrddyl }
aurelius_male = { Aurelius Aurelio Aureliu }
avdima_male = { Avdima Avdimi }
avelina_female = { Avelina Aveline }
aymeric_male = { Aymeric Aimeric Aimery Aymar Emelrich Emmerich Emerik AmE_ri Imre }
babaeus_male = { Babaeus Babai Babowai Babwahi }
babak_male = { Babak Babek }
baghpala_male = { Baghpala Baghpal }
bagour_male = { Bagour Bakur }
bahram_male = { Bahram Behram }
bakhtiar_male = { Bakhtiar BextI_yar Pakhtiyar }
balambar_male = { Balamber Balambar BalambA_r }
balder_male = { Balder Baldr Baldur }
baldric_male = { Baldric Baldarich Baldrick }
baldwin_male = { Baldwin Baldewin Baldoen Baldovino Balduin BaudoI_n Baudouin Boudewijn }
baltasar_male = { Baltasar Balthasar BaldasA_r Baldassarre BoldizsA_r }
barbara_female = { Barbara Barabal Varvara Borbora }
barid_male = { Barid BA_rD_r }
birger_male = { Birger Birgir }
bartolomeus_male = { Bartholomew Bartolomeus BarthE_lE_mi Bartholomaios Bartol Bartolomeo Bartosz BartoumiE_u Talmai Tulmay Bertelemi Barthelemy BarthE_lE_my Bartolomeu }
batalo_male = { Batalo }
batic_male = { BatiC_ }
basil_male = { Basil Basileios Basilio Vasile Vasilii Vasiliy Basiliu Vasyl VasiL_ Vasilii2 Basile Basili }
beatrice_female = { Beatrice BE_atrice BE_atrix Beathoc Beatrijs Beatritz Beatriu Beatrix Beatriz Beitris Bia Brethoc Brites Biatrici BE_atriz Beatrycza BeatrI_ci }
beejpala_male = { Beejpala Beejpal }
beladore_female = { Beladore Beladora }
beli_male = { Beli Bili }
belisarius_male = { Belisarius Belisarios Belisariu }
benedict_male = { Benedict BeneS_ Benedek Benedetto Benedikt Beneke Beneset Benet Bengt Benito BenoI_t Budoc Budic Budog BenE_t Beneitu Benoiet Binidittu Benedet }
benedicta_female = { Benedicta Benedetta Benedikte Benita BenoI_te BenE_ta Beneoite Biniditta }
benjamin_male = { Benjamin Binyamin Ben }
beorn_male = { Beorn BjO_rn BjOErn }
berengar_male = { Berengar BE_renger Berengario Berenger Berenguer BerenguiE_ Berenguel Berengariu BerengA_rio }
berengaria_female = { Berengaria BerengA_ria Berenguela Berenguera }
berhtwine_male = { Berhtwine Berthgwyn }
berin_male = { Berin Birinus }
bernard_male = { Bernard BE_rard Barnaerd Benno BernA_t BernabO_ Bernaldu Bernardin Bernardo Bernart Bernat Bernd Bernead Bernhard Birnardu Brunhard }
bertha_female = { Bertha Berta Berthe Berthildis }
berthoald_male = { Berthoald Berthgualt Berthwallt }
berthold_male = { Berthold Bertold Perctarit }
bertrand_male = { Bertrand Beltram Bertram Bertran BertrA_n BE_rtrand Beltram Bertrando }
bhima_male = { Bhima Bhimadeva }
bhoja_male = { Bhoja Bhoj Bhojavarman }
bhumpala_male = { Bhumpala Bhumpal }
birpala_male = { Birpala Birpal }
bishara_male = { Bishara Bishoi }
blaise_male = { Blaise BL_aZ_ej Blasi Blayve Blaz Vlas BL_aZ_ij Vlash BlA_s }
blanche_female = { Blanche Bianca Blanca Blanka Branca Bllanca Blancje }
bleddyn_male = { Bleddyn Blethin }
bledrig_male = { Bledrig Bledric }
bleiddud_male = { Bleiddud Blethiut }
blodwen_female = { Blodwen Bleutuen }
bo_male = { Bo BU_i }
bogdan_male = { Bogdan Bohdan Bahdan }
bogisa_male = { BogiS_a }
boguslaw_male = { BogusL_aw BogisL_aw Bogislav Bohuslav Bogislaw }
bogut_male = { Bogut }
boleslav_male = { Boleslav BolesL_aw }
bonifacius_male = { Bonifacius BoN_cza Bonifacio Bonifazio Boniface Bonifaziu BonifA_tziu }
bonne_female = { Bonne BO_na Bona }
borkvard_male = { Borkvard BO_D_var }
boric_male = { BoriC_ }
boris_male = { Boris Borisz Borys Barys BorisU_ Bogoris }
borivoj_male = { Borivoj Borzywoj BoR_ivoj Boriwoj }
bothild_female = { Bothild Bothildr BO_thildr }
botulfr_male = { Botulfr BO_tO_lfr }
bouchard_male = { Bouchard Burchard Burgheard BurcA_rd }
brage_male = { Brage Bragi }
brailo_male = { Brailo }
brajko_male = { Brajko }
bran_male = { Bran BrA_n }
branwaladr_male = { Branwaladr Brangualart }
bretislaus_male = { Bretislaus BR_etislav Briachislav Briachyslav BraC_yslaU_ BrE_C_islavU_ Bretislav BrzetysL_aw }
brian_male = { Brian Brient }
brigid_female = { Brigid Berchet Birgitta Bregida Brigida BrI_gida BrigI_D_a Brigita Brigit Breaca Breage Bride Ffraid Bridei Brude Bruide Brigide Bricita }
briog_male = { Briog Breoc Brioc }
brogmaglus_male = { Brogmaglus Brochfael Brochuael }
bronwen_female = { Bronwen Bronuen }
brunhilda_female = { Brunhilda Brunhilde Brunilde Brunechildis }
bruno_male = { Bruno Brun }
brutus_male = { Brutus Brwt Bride Bridei Brude Bruide  }
brychan_male = { Brychan Broichan }
cado_male = { Cado Cadwy }
cadog_male = { Cadog Cadoc }
cadw_male = { Cadw Cadou }
cadwaladr_male = { Cadwaladr Catgualart }
cadwallon_male = { Cadwallon Catuallon }
cadwared_male = { Cadwared Catguoret }
cadwr_male = { Cadwr Cador }
caecilius_male = { Caecilius Aksel Aksil }
caedicius_male = { Caedicius Cedig }
caesar_male = { Caesar Gesar Kaisarios CE_sari Cesare Cesar }
cagintria_female = { Cagintria Ceindrec Ceindrych }
camilla_female = { Camilla Kamilla Kamila }
camillus_male = { Camillus Camillo Kamil Kemil }
caratacus_male = { Caratacus Caradec Ceredig Caradog Caradaig Caradoc Cerdic Cedric }
carbrey_male = { Carbrey Cairbre }
carloman_male = { Carloman Karlmann Karloman }
caroline_female = { Caroline Karlotte }
caspar_male = { Caspar GA_spA_r Jaspar Kaspar Gasparru Gaspar Gaspare Kasper Kacper }
catherine_female = { Catherine CaitilI_n Caitrion Catalina Catarina Cateline Caterina CathE_rine CatrI_ona Catrin Catriona Ecatarina Ekaterina Kaarina Karin Katalin Katalina Katarina Katarzyna KateR_ina Katharina Kathrijne Katrien Katrine Ketevan Nienke Yekaterina Katranide Aikaterine Catarena Kasrin CatE_lena Kateryna Kaciaryna Katrin Ecaterina Catarine }
cecil_male = { Cecil Seisyll }
cecilia_female = { Cecilia CecI_lia CE_cile Cecilie Cecily Cicely CecilI_a SI_le Sheela }
centule_male = { Centule Centolh Zentulo }
chanin_male = { Chanin Chanina Chaninai Chinena Hanina Rachim Rahim }
charles_male = { Charles Carles Carlus Cearl KA_roly Kaarle Karel Karl Karlo Karlos Karol Carlo Carlo_Martello Carol ChA_rlo Carlu Korla Chiarion Carli }
chayuta_female = { Chayuta Hayuta }
chozai_male = { Chozai Hozai }
christian_male = { Christian Kersten Kristian Krystyn KR_esC_an }
christina_female = { Christina Christine CrI_stina Cristen Cristin Cristina Kirstin KristY_na Kristiina Kristina Krisztina Krystyna Khrystyna Christa Chrystina Krysta Hristina }
christopher_male = { Christopher Christoffer Christophoros Cristoforo Kristof Krystafer Krzysztof Risto Chrystof Christophe CristO_furu Cristoful }
chrystanthos_male = { Chrystanthos Krisanthos }
chunya_male = { Chunya Nechunya }
ciaran_male = { Ciaran Piran }
cicek_female = { C_iC_ek C_iC_A_k C_eC_ek }
clara_female = { Clara KlA_ra Klara Llear }
claudia_female = { Claudia Glades Gwladys GllO_da Klavdiia Klawdija ClA_udia Klaudija }
claudius_male = { Claudius Glywys Claudiu Claudio GllO_do ClA_udiu Klavdii Claude Claudi }
clement_male = { Clement ClamenC_ Clemen Clemence Clemens Clemente Kliment CllE_ment Climent Climenti Klemens }
clementia_female = { Clementia ClemE_ncia Clemencia Clemenza Klementia CllE_mence Climenza }
clether_male = { Clether Cleder }
clotaire_male = { Clotaire Chlothar }
clotilde_female = { Clotilde Cloutilda Cothilda Clothilde Clotild Cllotida }
cobflaith_female = { Cobflaith Coblaith }
conall_male = { Conall Canuall }
conan_male = { Conan Canan ConA_n Cynan Kenan Konan }
conn_male = { Conn Canu }
constance_female = { Constance ConstA_ncia ConstanC_a Constansa Constanza Costanza Konstancia Konstancie Konstancja Konstantzia Konstanze Constantia Konstantia Custanza Konstanca Costance }
constans_male = { Constans Castant Custent Cysteint Konstas Costante Custanti Costant }
constantius_male = { Constantius Konstantios Costantzu Custanzu Costanzo }
constantina_female = { Constantina Konstantine }
constantine_male = { Constantine Castantin CausantI_n ConstantI_n Custennin Custentin Gosdantin Konstantin Konstantine Konstantinos Kostandin Konstandin Costin ConstantI_nu GosantI_nu Custantinu Costantino Kostiantyn Kanstancin KostE_ntinU_ Constantin Costantin }
corentin_male = { Corentin Caurantin }
cornelius_male = { Cornelius Cornelio Corneliu Kornel Nale KornE_l Curneliu Corneli  }
cornelia_female = { Cornelia Kornelia Korneliia Curnelia }
cosma_male = { Cosma Koz_ma Cosmas Kosmas Kuzma KaZ_ma Kos_ma Kozma }
creirwy_female = { Creirwy Cleirui }
crundmael_male = { CrundmA_el CruinnmA_el }
ctibor_male = { Ctibor CzcibO_r Czcibor }
culmin_male = { Culmin Cwlfyn }
cuthbert_male = { Cuthbert Cuthberht }
cybi_male = { Cybi Cuby Kybi }
cynddelw_male = { Cynddelw Condeleu }
cyndyddan_male = { Cyndyddan Condidan }
cynfael_male = { Cynfael Conmael }
cynfarch_male = { Cynfarch Conmarch }
cynfelyn_male = { Cynfelyn Convelin }
cyngar_male = { Cyngar Congar }
cyngen_male = { Cyngen Concen }
cynog_male = { Cynog Canuac }
cynwallon_male = { Cynwallon Conuallon }
cyprianus_male = { Cyprianus Cyprian Ciprian Cebrin }
cyriacus_male = { Cyriacus Cwrig Kyriakos Kuriakos }
cyril_male = { Cyril Kirill Kurillos Kyrillos Kyrylo Kiryl KirilU_ Cyrille }
cyrus_male = { Cyrus KU_ruS_E_ Kurian Kurush Kyros Ciro }
dabisa_male = { DabiS_a }
dag_male = { Dag Dago Dagr }
damian_male = { Damian Damiano Dwyfan Damianos Damjan Damianu }
daniel_male = { Daniel Danail DaniE_l Daniil Danilo Daniyel Danyal Deiniol Deniel Taniel Danelu Danylo Danil Danila Daniyyel DenE_l }
dantivarman_male = { Dantivarman Tantivarman }
danush_male = { Danush DanU_S_ }
darius_male = { Darius Dariush DaryU_S_ Dariush_Darius }
david_male = { David DA_vi Da_oud Da_ud DabI_d Dabuut Daevit Dafydd Daoud Daouda Dauid Davide Davit Davud Davyd Dawud Deui Dewi Tuokko DavydU_ Davyd2 Dawid Davi DA_vid }
demetrius_male = { Demetrius Demetre Demetrio Demetrios Dmitriy Dimitri DhimitE_r Dumitru Dmytro Dzmitryj DmitrU_ Dmitrii Demeter DO_mO_tO_r Dmitar }
denise_female = { Denise Denis }
derilla_female = { Derilla Der-Ilei Durilia }
derval_female = {  }
devorguilla_female = { Devorguilla Der-bForgaill Derborgaill Dervorgilla Derbforgaill Derbforgail }
dhanga_male = { Dhanga Dhangadeva }
dharma_male = { Dharma Tarma }
diaco_male = { Diaco Diego Diegu Diago DI_dac Diogo }
dieter_male = { Dieter Theodo Dytar }
dietmar_male = { Dietmar Detmar Thietmar Tymmeke Dytmar }
dikla_male = { Dikla Diklah }
dikla_female = { Dikla Diklah Diklit }
dilipapala_male = { Dilipapala Dilippal }
dionysus_male = { Dionysus DiO_nisios Dionisii Dioniso Dionysios Danis Dinis Denis DE_nes Denys }
dominic_male = { Dominic DomE_nico Dominik Domingu Domingo Domagna Dominigu Domokos Domenico DumI_nicu Domeni }
dominica_female = { Dominica DumI_nica Dominika }
donald_male = { Donald Domelch Domnall Donault Donual Dyfnwal }
donatus_male = { Donatus Donato Dynod }
doniert_male = { Doniert Donyarth Dungarth Dumnarth Dyfnarth }
dorothy_female = { Dorothy Dorota Doroteja Dorothea Dorottya DorothE_e }
douce_female = { Douce DolC_a Dulce Duce Endulcia Dulzis }
douglas_male = { Douglas Dubhglais }
dragonja_male = { Dragonja }
draupada_male = { Draupada Draupad }
drogo_male = { Drogo Drogon }
duff_male = { Duff Dubh Duib }
dugald_male = { Dugald Dubhghall }
duncan_male = { Duncan DU_nchad Donnchad Donncuan DonnucA_n }
dyfnwallon_male = { Dyfnwallon Donuallon }
dyre_male = { Dyre DY_ri }
dywel_male = { Dywel Domuel }
edgar_male = { Edgar Adgar Eadgar }
edla_female = { Edla ED_la }
edith_female = { Edith Eadgyth Ealdgyth Edit Edita Edyta }
edmund_male = { Edmund E_amonn Eadmund }
ednyfed_male = { Ednyfed Iudnimet }
edward_male = { Edward E_douard Edouart Eduard Eduardo Edvard Jedvard JA_tvarD_r E_douA_rd Eduardu Eduart } #Anglo Saxon not included because it messes with regnal numbers
edwin_male = { Edwin Eadwine Edwyn Edwis }
egbert_male = { Egbert Ekbert Ecgberht }
egidius_male = { Egidius Egidio Gil Gilles Chil Xil }
egil_male = { Egil Egill Eigil }
elifalet_male = { Elifalet Elifelet }
eilif_male = { Eilif EilI_fr }
einar_male = { Einar Einarr }
eithne_female = { Eithne Edna }
ekkehard_male = { Ekkehard Eggerd }
elaine_female = { Elaine Eleina }
eleanor_female = { Eleanor E_lE_onore AliE_nor AlienO_r Alienora Alionor Eilionoir Eilionora Eleonora Eleonorka Elinor Elionor Ellijnore Ellinor Leonor Leonore Lleonor Eleunora Lionora LE_onora }
elias_male = { Elias HE_lias Elijah Ilyas Helias Alias Ilie Ilija Iliya Illia Illja Helyes HE_lie Eliya Eliyyahu I_lyas Elie Ilya_s }
elidius_male = { Elidius Elid Lide }
elisabeth_female = { Elisabeth Beileag Bet EisabE_u ElZ_bieta Elisa ElisabE_ta Elisabet Elisabeta Elisabetta Elisaveta Elise Elizabeta Elizabeth Elspeth ErzsE_bet Lillias Lise Lisebet Lys Yelizaveta Aaleyaamma Elesbed Elisaued AlZ_bEE_ta ElI_sabet Ilizabith Elsapet E_lisabE_t Yelyzaveta Lizavieta ElZZbieta ElZ_bjeta Elisheva E_lizabeth Lisabetta Elisabete AlZ_bE_ta Eliz Eliza }
isabel_female = { Isabela IsabE_la IsabE_u Isabeau Isabel Isabella Isabelle Isobel Uusbail Ysbail Zabel Sabela Ysabel Isabele Izabela }
eloise_female = { Eloise HE_loise Heloise }
elod_male = { ElO_d ElO__d }
elvira_female = { Elvira Elbira Albira Elwira }
emer_female = { Emer Eimhir }
emoke_female = { EmO_ke EmO__ke }
emil_male = { Emil Yemelyan Omelian AmieL_jan }
emily_female = { Emily Emili Emilia Emilie Emilija Emiliya Milia MI_lia }
emma_female = { Emma AI_na Hemma Imma Emmeline }
emmanuel_male = { Emmanuel Emmanouel Manuel EmmanuE_l Emmanuele Manel Manuele MagnuE_l Manuil Immanuel }
emund_male = { Emund Emundr }
endellion_female = { Endellion Endelient Endellienta }
enfidaig_male = { Enfidaig Ainftech Enuidaig }
engelbrecht_male = { Engelbrecht Ingalbert Engelbert Englebert Enghelberto }
enoch_male = { Enoch EnO_ch }
enoder_male = { Enoder Wenheden }
eochaid_male = { Eochaid Oucydd Uuochu }
eric_male = { Eric Erc Erth Herygh Uuirp Erik Eirik Eirikr Erich Erkki EirI_kr Evaric Eryk }
ermengarde_female = { Ermengarde Ermegardis Ermengard Ermengarda Ermengardis Ermingarde Irmgard Hermengarde }
ermengaud_male = { Ermengaud Ermengol Ermengar Armengol }
ermesinda_female = { Ermesinda Ermenisinda Ermessenda Ermessentz Ermessinde Ermesenda Ermisenda Hermesinda Hermessent }
ernest_male = { Ernest ArnoS_t Ernst ErnO_ }
esclarmunda_female = { Esclarmunda Clarmonda Esclarmonda Esclarmonde Esclaramunda }
esfandiar_male = { Esfandiar Esfendiyar }
eternus_male = { Eternus Edern }
ethelfrith_male = { Ethelfrith E_thelfrith }
eudocia_female = { Eudocia Eudokia Yevdokia Evdokia Evdokiya Yevdokiia JeU_dakija }
eudoxia_female = { Eudoxia Eudosia Eudossia }
eugene_male = { Eugene E_ogan EO_ganA_n EO_gan Egenio Eguen Eugenio Even Ewan Owain Uuen Owen EgE_no Euggeniu Iginu Yevhen EugE_ne Yawan Eugeni Eugenius Eugenios O_dO_n }
eugenia_female = { Eugenia Euginia Owena Uuena EugE_nia Euggenia Yevheniia }
euny_male = { Euny Uny }
euphemia_female = { Euphemia Affraic Aufrica EufE_mie Eufemia Yefimia Yevfimia Efimija Yevfymiia JaU_fimija JeufimI_ja Aufrick EuphE_mie }
euphrasia_female = { Euphrasia Effros }
euphrosyne_female = { Euphrosyne Eufrosina Eufroysina Euphrosine Yefrosinia Fresina Yefrosyniia Jefrasinnia Eufrozyna }
eusebius_male = { Eusebius Eusebi Yevsevii }
eustace_male = { Eustace Eustache Eustachy Eustathios Yevstafiy Yevstafii JaU_stafij Jeustafii Eusthaices }
eva_female = { Eva E_ua E_va AibilI_n Ava Efa Eua Eve Eba Hawwa E_va2 JE_wa Iva Ewa }
everard_male = { Everard Eberhard Everd Evrard Everardo Everhard Euuerhard Evrart }
eysteinn_male = { Eysteinn O_sten O_ysteinn O_ystein Eystein Uisdean }
fabricius_male = { Fabricius Fabrice Fabrizio Fabrizziu }
fadl_male = { Fadl Fezl }
fadlun_male = { Fadlun Fezlun }
faramarz_male = { Faramarz Feramez }
faramond_male = { Faramond Pharamond }
#faraz_male = { Faraz Feraz PI_roz Pheroz Firuz }
farbokht_male = { Farbokht Marabokht }
farhad_male = { Farhad Ferhad }
farhan_male = { Farhan Ferhan }
farhang_male = { Farhang Ferheng }
fariborz_male = { Fariborz Feriburz }
farid_male = { Farid Fareed FerI_d }
farquhar_male = { Farquhar Fearchar }
farroukh_male = { Farroukh Ferux Farrukh Faruk }
farrukhzad_male = { Farrukhzad Feruxzad }
farzad_male = { Farzad Ferzad }
faste_male = { Faste Fasti }
felix_male = { Felix Felec Felice SzczE_sny FE_lix Feliks Felic Filici FeliC_ }
feradach_male = { Feradach Uuredach }
ferdinand_male = { Ferdinand Ferant Ferdinando FernA_o FernA_n Fernando Fernandu Ferran Ferrand Ferrando Friedenando Friednand Firdinannu Ferdinandu Fernand Ferdinant }
ferdows_male = { Ferdows Firdews }
fergus_male = { Fergus Fearghus Gurcant Gurguist Gurguistl Gwrgant Urguist }
feridun_male = { Feridun FerI_dun Fereedun }
ffernfael_male = { Ffernfael Farinmael }
findlay_male = { Findlay Finnlagh FindlaI_ch }
finn_male = { Finn Fingal Gwyn Fionnghall }
finnguala_female = { Finnguala Fenella Fingola Nuala Fenni }
flora_female = { Flora Fflur Flor FlO_ra Floarea }
folke_male = { Folke Folco Folki Folquet Foulques Fulk FO_lki Fulcone Focko Fouques Foucher }
fracan_male = { Fracan Fragan }
francesca_female = { Francesca Sasson FranC_oise Francisca Franciska }
francis_male = { Francis Ferenc FranC_ois FrancE_s Francesco Frang Franjo Frans Fransaz FrantiS_ek Franz Proinsias Fransis Ffransis Francesc FranC_ouE_s Franciscu Frantziscu FranciS_ak Franc }
frederick_male = { Frederick BedR_ich Fadrique Federigo FrE_dE_ric Frederi Frederic Frederico Frederik Fredrik Friedrich Rieti FriT_rI_kr Fidiricu Federico FrE_dE_rico Frethirik FidrI_ }
frederique_female = { Frederique Frederikke Friedrica Fidirica }
frej_male = { Frej Freyr }
freja_female = { Freja Freyja }
frirek_male = { Frirek FrIrekr }
friog_male = { Friog Ffriog Frioc }
frode_male = { Frode FroT_i FrO_T_i }
froila_male = { Froila Fruela Fruella }
fronilde_female = { Fronilde Fronilda Fruilhe }
gabriel_male = { Gabriel GA_briel Gabri_el Gabrieli Gavriil Gavril Gavrilo Kapriel Kauro Ghabri Jibril Djibril Grabielle Havrylo HaU_ryil Cabbrieli Gabriele Ghavril }
gagik_male = { Gagik Gagiki }
gaius_male = { Gaius Cai }
galindo_male = { Galindo Galind Galindas }
gallus_male = { Gallus GaweL_ Havel }
gandalfr_male = { Gandalfr GandA_lfr }
gandarditya_male = { Gandarditya KantarA_titta }
garcia_male = { Garcia GarC_i GarcI_a Garsiya Gartzia Garsias }
gaston_male = { Gaston Gastone }
gavin_male = { Gavin Gwalchmai }
gaya_male = { Gaya Gaye Gaia }
gebhard_male = { Gebhard Gevert }
gennadius_male = { Gennadius Gennatios }
george_male = { George Djordje GeO_rgios Georg Georgios Georgy Gevorg Gheorghe Giorgi Giorgio GyO_rgy Juraj JU_rgen Jerzy JiR_I_ Jord Jorge Sior Varughese YrjO_ Yuriy Giwargis Gjergj Guirguis Georges Iorghu JO_rjo Yurii Juryj Gjurgi Jurij ZorC_ }
georgia_female = { Georgia GyO_rgyi Giorgia }
gerald_male = { Gerald GE_raud Garalt Garibald Geraldo Gerallt Geralt Geraud Gerbald Gerold Gierolt Guerau Guiraud Gehrke Ghert Guiral GerO_d Gerolt }
gerard_male = { Gerard GE_rard Gerardo Gerhard Girard Guitart Xerardu GE_rard2 Gherardo Girardu Girardo Girart }
gerberga_female = { Gerberga GerbE_rga Gerberge Gerburgis Gerperga }
german_male = { German Garmon Germano Germanus Germanos }
gerontius_male = { Gerontius Ganant Geraint Gereint }
gertrude_female = { Gertrude Geretrudis Gertrud Gertruda Gheertrude Gjertrud }
ghoncheh_female = { Ghoncheh XonC_e }
gloth_female = { GlO_D_ GloT_ }
gilbert_male = { Gilbert GilbE_rt Gilberto Gilbride Gilla-BrI_gte Giselbert Guislabert Giselberto Giselbrecht Giberto }
gilchrist_male = { Gilchrist Gilla-CrI_st }
gilpatrick_male = { Gilpatrick Gilla-PA_traic }
gilroy_male = { Gilroy Gilla-Ruad }
gisela_female = { Gisela GisE_le Giselle Giseltrude Gisla Gizella Guisla Gizela }
gnupa_male = { Gnupa GnU_pa }
godfrey_male = { Godfrey GO_dke Gausfred Geoffrey Geoffroy Geofroi Godafres Godefroi Godefroy Godfried Goffredo Gofraid Gotfred Gottfried GuT_friT_ Guthfrith JaufrE_ Jaufret JofrE_ SE_afra Sieffre SiothrU_n GuT_frI_T_r JeofrE_d Guffredu Gotefredo GudrO_d GuT_rO_T_r GudrOEd }
godwin_male = { Godwin Godwyn Godwine Godinho }
gojslav_male = { Gojslav }
gojslava_female = { Gojslava }
golbahar_female = { Golbahar Gulbehar }
golnaz_female = { Golnaz Gulnaz }
gomez_male = { Gomez GO_mez Gomes }
gonzalo_male = { Gonzalo GonC_al GonC_alo Gontzal Gonzalu }
gopala_male = { Gopala Gopal }
gopendraraja_male = { Gopendraraja Gopendraka }
gorandukht_female = { Gorandukht Gorandoukht Guranduht }
gorm_male = { Gorm Guttorm Gormr }
gormflaith_female = { Gormflaith Gormelia Gormlaith Gormuil }
goshtasb_male = { Goshtasb GoS_tasp }
gotruda_female = { Gotruda Gonterote Gontroda Gontrode }
gottschalk_male = { Gottschalk Godescalc Gosschalk }
govindaraja_male = { Govindaraja Govinda Govindapala Govindraj Guvaka }
gregory_male = { Gregory Gigurum Giric Greger Gregers Gregor Gregoras Gregorio Gregorios Grigoli Grigor Grigore Grigorii Grgur Grigoriy Grygor Grzegorz Jerjer Grwgari GrigO_riu Grigoriu Hryhorii Ryhor Grigorii2 Hrjehor Gregoris GrivO_r }
grim_male = { Grim Grimr GrI_mr }
grima_female = { Grima GrI_ma }
gruba_female = { Gruba }
guaifer_male = { Guaifer Waifar }
guaimar_male = { Guaimar Waimar Guaimariu }
guaram_male = { Guaram Guram }
gudmund_male = { Gudmund GuT_mundr Guthmund }
gudrun_female = { Gudrun GuT_run Guntrud GuD_rU_n Guntroda Guntedrudia Gontroda }
gulcicak_female = { GulC_iC_A_k GulC_iC_ek GulC_eC_ek }
gundoald_male = { Gundoald Gundo }
gunhild_female = { Gunhild Gunhilda Guinidilda Gunnhild Gunnhildr Winidilda }
gunnar_male = { Gunnar Gunnarr Gunnare GU_nther Gunzelin Guntar }
guy_male = { Guy Gui Guido Guidone Guigues Guij VI_tek Wicho Wido Wit Guidu Vido Vid }
gwen_female = { Gwen Gwenn Uen Wenn Wenna }
gwerfyl_female = { Gwerfyl Gueruel }
gwrfawr_male = { Gwrfawr Gouremor }
gwrgeneu_male = { Gwrgeneu Gurceneu }
gwrgi_male = { Gwrgi Gurci }
gyla_female = { Gyla GrY_la }
gytha_female = { Gytha GyT_a Gyda }
gyrith_female = { GyrI_D_r GyriT_ }
hardeknud_male = { Hardeknud Hordaknutr }
hakon_male = { Hakon HA_kan HA_kon Hacon HA__kon }
hafrid_female = { HafrI_D_r Hafrid }
halfdan_male = { Halfdan HalfdA_n }
halsten_male = { Hallsteinn Halsten }
hamelin_male = { Hamelin Hammelin }
hannibal_male = { Annibal Annibale }
harold_male = { Harold Ariald Harald Haraldr Herold Hereweald Herewallt }
harsa_male = { Harsa Harshapala }
harvey_male = { Harvey Huiarnviu }
hasan_male = { Hasan Abdul-Hasan Hassan Hesen XA_sA_n }
hawise_female = { Hawise Hawis Hawys Havise }
hazarasp_male = { Hazarasp Hezarhesp }
hedwig_female = { Hedwig Hadwig Jadwiga Yadviha Jadviha Hedvika Jadviga }
helen_female = { Helen Aileen Elen Elena Elene Helena Helene Hellene Ilona Jelena Liekko Olena Lene E_lina Yelena Aliena Alena Halena Aileann Ailean HE_lE_ne Eline }
helge_male = { Helge Helgi Oleg Oleh Alieh OlegU_ }
hemming_male = { Hemingr Hemming }
henry_male = { Henry E_nri Enric Enrico Enrique Hanri Harri Heinrich Hendrik Henri Henrik Henrike Henrique Henryk Herri Hinrik Hynek JindR_ich Ezzo Hendrich Heimerich Heimrich Haimirich Heymeri Arricu IndrI_ }
heracles_male = { Heracles Erclwf Erekle Herakleios Herculius HE_raclius Hercule Eracliu }
herbert_male = { Herbert Aribert Aripert Herberd Hereberht Heribert }
#hereweald_male = { Hereweald Herewallt }
herlinda_female = { Herlinda Hermelinda }
herman_male = { Herman Hermann Ermannu }
herori_male = { Herori Haeloubri }
haesteinn_male = { HE_steinn HA_steinn }
hilaria_female = { Hilaria Eleri Ilaria }
hildebrand_male = { Hildebrand Hildeprand }
hildegard_female = { Hildegard IldE_garde }
hildegarde_female = { Hildegarde Ildegarda }
hina_female = { Hina China }
hirapala_male = { Hirapala Hirapal }
hjalmar_male = { Hjalmar HjA_lmar }
holmfrid_female = { HO_lmfrI_D_r Holmfrid }
holmger_male = { Holmger HO_lmgeirr }
honorius_male = { Honorius Ynyr Onorio Onoriu }
hooshyar_male = { Hooshyar XuS_yar }
hormazd_male = { Hormazd Hurmiz }
hossein_male = { Hossein Hosen }
hrane_male = { Hrane Hrani }	# Nordic
hran_male = { Hran Hrana }	# Balkan Slavic
hrvoje_male = { Hrvoje }
hubert_male = { Hubert Hugbert Hucpert Ubert Uberto }
hugh_male = { Hugh A_edA_n A_ed Aedan Aeddan Aethon Hug Hugo Hugues Huw Uc Ugo Ugues Ugu Hugon }
humbert_male = { Humbert Umberto HombE_rt Umbertu Umbert }
humphrey_male = { Humphrey Honfroi Honfroy Hunfroi Humfroy Onfroi Humfried }
hussein_male = { Hussein HisE_n Husayn Hussayn Hussain Husseyn HU_seyin }
hyacinth_male = { Hyacinth Jacek Jacenty }
hysing_male = { Hysing HY_singr }
hywel_male = { Hywel HoE_l Huwal Howell }
hval_male = { Hval }
ida_female = { Ida Ide Yda }
idnerth_male = { Idnerth Iudnerth }
idwal_male = { Idwal Idual Iudual Idwal_Foel Idwal_Ieuaf }
idwallon_male = { Idwallon Iduallon Iuduallon }
ignatius_male = { Ignatius Z_egota Ignatios Gnazziu Ignatziu Ihnatii Hnat Ihnat }
illick_male = { Illick Dilic }
indra_male = { Indra Indre }
indrapala_male = { Indrapala Indrapal }
inge_female = { Inge Inga Inka }
ingeborg_female = { Ingeborg IngebjO_rg IngibjO_rg }
ingegerd_female = { Ingegerd IngjerT_r Ingjerd }
ingemar_male = { Ingemar Ingimar }
ingfrid_female = { IngfrI_D_r Ingfrid }
ingjald_male = { Ingjald Ingjaldr }
ingolf_male = { Ingolf IngO_lfr Inge }
ingrid_female = { IngirI_D_r Ingrid }
ingvar_male = { Ingvar InwE_r Yngvar Igor Ihor IgorI_ IngvarI_ }
inigo_male = { Inigo Eneco Eneko Wannaqo }
irene_female = { Irene Eirene IrE_n Irina Iryna Irena Eirena }
isaac_male = { Isaac Ishaq Ittac Sahag Sahak Ishaaq Isaakios Ishak Isaaq I_shak Isha_k }
isaiah_male = { Isaiah Zaia Isaias }
ishkhan_male = { Ishkhan Ishkhanik }
isidoros_male = { Isidoros Isidor }
ismail_male = { Ismail I_smaI_l Esma_il Is_mail Isma_il Esmail }
isolde_female = { Isolde Iseult Isode Isotta Isoude Izolda Essyllt }
ithel_male = { Ithel Iudhael }
ivar_male = { Ivar I_omhar Evander Ibor Ifor Ivor Iver }
jacob_male = { Jacob Chaacko Hamish Iacob Iago Iakobos Iakov JA_kob Jaakoppi Jacco Jacme Jacopo Jacques Jakob Jaksa Jakub Jakusz James Jaume KO_pke SE_amas Ya_qub Yaqub Jaime Chaime Jakue Ya_qob Yaakov Giacomo Yakovos JA_que Giacopo Jacopu Yakiv JakaU_ IjakovU_ Jakab Jaques Jakup Jacum }
jaganpala_male = { Jaganpala Jaganpal }
jagatpala_male = { Jagatpala Jagatpal }
jagdeva_male = { Jagdeva Jagdev }
jahandar_male = { Jahandar Cehandar }
jahangir_male = { Jahangir Cehangir Cihangir }
jahanshah_male = { Jahanshah CehanS_ah }
jaitrasimha_male = { Jaitrasimha Jaitra-Singh }
jamshid_male = { Jamshid CemS_I_d }
jarnegon_male = { Jarnegon Iarnegon }
jaromir_male = { Jaromir JaromI_r Jaromar }
jaroslav_male = { Jaroslav JarosL_aw Yaroslav JaraslaU_ JaroslavU_ }
jasapala_male = { Jasapala Jaspal }
jatanpala_male = { Jatanpala Jatanpal }
javeed_male = { Javeed Cevid }
jayantavarman_male = { Jayantavarman Cayantavarman }
jayaraja_male = { Jayaraja Ajairaja }
jayasimha_male = { Jayasimha Jay-Singh Jayat-Singh }
jeremiah_male = { Jeremiah Ieremias Ieremia Yeremey Jeremei Yeremii }
jesse_male = { Jesse Hoase Hoasse Hoassi }
jhetpala_male = { Jhetpala Jhetpal }
joakim_male = { Joakim Jochim Joachim Joacim Ioakim Yehoyakim }
joan_female = { Joan Eonnecte Iannia Ioanna Iouenna Janed Jean Jeanne Joana Joanna Johanna Juana Sheena Shona SiA_n SiobA_n Sioned Siunod Xuana Xoana Chuana Giuvanna Giovanna Ioana Jiana Ivanna Ivana SI_ne Jehanne Jovana Gjovane }
job_male = { Job Iyob Joab Ayyub Eyyub EyU_b }
john_male = { John HanuS_ Hovhannes IO_annE_s Iain Iehan Ieuan Ioan Ioane Ioann Ioannes Iuan Ivan IvaniS_ JA_nos Jan JanisL_aw Janis Janos Janusz Jean JoA_o Joan Joanes Joannes Johan Johann Johannes Jon Jovan Juan Juvven SeA_n SeoA_n Yahya Yohannaan Yohannan Youkhanna Yunanis Xuan Chuan Gjon Yoannis Giovanni Giuvanni Jean_Tristan Jian IvanU_ Yan2 EO_in Yehochanan Jehan Jans Ivane XoA_n Gian Zuan }
jonah_male = { Jonah IO_annou Jonas Ionas }
jordan_male = { Jordan Jourdain Jordanes Iordanes Giordanu Giordano }
joscelin_male = { Joscelin Gaucelin Gautselin Iocilin Josselin Gauslin }
joseph_male = { Joseph Hovsep Iosep Ioseph JO_zef JO_zsef Josif Josip Jozef Yosef Yosip Yousef Youssef Yusuf Giuseppe Yousab Iosif JosE_f Yuusuf Giuseppi Zuseppe Osyp JO_sef YU_sif Josef YuC_uf }
joshua_male = { Joshua Kossy Yeshua Jesus Eisow IE_sous Yiswe Isa Yehoshua I_sa JosuE_ }
judicael_male = { Judicael Iudicael }
judith_female = { Judith Judhael Judit Judita Judyta Jutta Yehudis Yehudit Giuditta Juta Judite }
julian_male = { Julian Ioulianos Julien Silin Sulgen Sulian Sulien Tysilio Juliano Giulianu Giuliano }
juliana_female = { Juliana Iouliana Julienne Iyana Ulyana Uliana UL_jana Yuliana UlI_jana Iliana }
julia_female = { Giulia Iulia JU_lia Julia Ioulia Yuliia Julija Yuliya }
julius_male = { Julius Juw Juliusz Giulio Juli Gyula }
justin_male = { Justin Gestin Iestan Iestyn Ioustinos Giustinu }
justina_female = { Justina Ioustina }
justinanius_male = { Justinanius Stinian Justinian Ioustinianos Giustiniano Justinien }
kailaspala_male = { Kailaspala Kailaspal }
kakhopala_male = { Kakhopala Kakhopal }
kallinikios_male = { Kallinikios Kalinikos }
kanak_male = { Kanak Kanakk }
kanaka_male = { Kanaka Kanake }
kanvarpala_male = { Kanvarpala Kanvarpal }
karnadeva_male = { Karnadeva Karandeva }
kavoos_male = { Kavoos KA_vus Qabus_Kavoos Qabus }
kea_male = { Kea Ke }
kenneth_male = { Kenneth CinA_ed Ciniod Cainnech  }
kentigern_male = { Kentigern CennE_tig Cyndeyrn Guentigirn }
kettil_male = { Kettil Ketill }
kettilmund_male = { Kettilmund Ketilmundr }
keykhosrau_male = { Keykhosrau Kaikhosro Keyxusrew Keykhosrow Xeykhosrow Xeykhosrow_Keykhosrow Keykhosraw Kaikhusraw Kaykhusraw KeyhU_srev Kaikhasrau }
khafif_male = { Khafif Hafif }
khachig_male = { Khachi Khachig }
kharmandar_male = { Kharmandar Xarmandar }
khashayar_male = { Khashayar XaS_ayar }
khetrapala_male = { Khetrapala Khetrapal }
khodadad_male = { Khodadad Xwedadad }
khosrau_male = { Khosrau Khosrov Xusrew Khosrow Khusraw Husraw Khosro }
khudayar_male = { Khudayar Xwedayar }
khurshid_male = { Khurshid XurS_I_d }
kieran_male = { Kieran Peran Pyran }
kiratpala_male = { Kiratpala Kiratpal }
kirtivarman_male = { Kirtivarman Keerti-Verma }
knut_male = { Knut Knud Kuuti KnU_tr }
kol_male = { Kol Kollr }
kolbein_male = { Kolbein Colban }
koloman_male = { Koloman Kolman KA_lmA_n Kaliman }
konrad_male = { Konrad CenrE_d Cord Corrado Koenraad KonrA_d Kuno Curradu Coenred CorA_t Cuno }
kopperunchinga_male = { Kopperunchinga KO_pperuN_cimman }
kraka_female = { KrA_ka Kraka }
kresimir_male = { KreS_imir Krsmir Uskrsimir Kresimir }
kujava_female = { Kujava }
kulasekhara_male = { Kulasekhara KulacE_kara }
kulasekharan_male = { Kulasekharan KulacE_karan }
kulin_male = { Kulin }
kulothunga_male = { Kulothunga KulO_ttunka }
kunigunde_female = { Kunigunde Cunigunda Kunigunda Kunegunda }
kunwar_male = { Kunwar Kunwarpal }
kyriake_female = { Kyriake Kurake }
laila_female = { Laila Layla Leyla Leila }
lakshmanadeva_male = { Lakshmanadeva Lakshmana }
lambert_male = { Lambert Lamberto Lembert Lambertu }
landolf_male = { Landolf Landulf Landolfu Landolfo }
laurence_male = { Laurence Lars LaurE_nC_ Laurentios Laurentiu Laurentz Lauri Lorens LourenC_o Lourenzo Lorenzo LloriA_n Wawrzyniec Lawrence Laurenzo LabhrA_s LO_rent Lurenzu L_awrjenc Laurens Lorenz Lovro LaurinC_ LO_rinc }
lazarus_male = { Lazarus Lazaros Laszio Lazare Lazaro Lazarz Lazer Lazar }
lennon_male = { Lennon LennA_n }
leo_male = { Leo Leon Leone Lev Levan Levon Liuni LieU_ LevU_ Livon }
lugh_male = { Lugh Llew }
leontius_male = { Leontius Leontios Leontii }
leopold_male = { Leopold Liutbald Liutpold Liupolt }
liutward_male = { Liutward Liudward }
llywarch_male = { Llywarch Loumarch }
lothair_male = { Lothair Hlothere Lot Lothaire Lothar Luder }
louis_male = { Louis Alois Clydog Lajos Lluis LoI_s Lodewijk LouI_s Loui LudvI_k Ludvig Ludwig Luis Luigi Ludovico Luduvicu Luiggi Liudovik Ludvik Alojs Loys Ludwik LuduI_ LudovI_ LuI_s } #Clovis excluded because it messes up regnal numbers
louise_female = { Louise LoI_sa Lodovica Luiggia Luisa }
lucia_female = { Lucia L_ucja LU_cia Lleuca Lucija LlU_cia Lucie Luzie }
ludolf_male = { Ludolf Liudolf Liudulf Lutolf }
luke_male = { Luke Lukose Lles Loukas Luca Luc Lucarus LukA_cs Luka Lucas L_ukasz Luche }
lucius_male = { Lucius Lucio Luciu Luki Lukii Luci }
lucian_male = { Lucian Lucjan Lukian Lukjan Lukyan Lucien }
lupo_male = { Lupo Gurgen Liuppo Lop Lope Lopo Loup Lubb Lupus Vuk Llope Llop Lupu Lupa LO_f }
lutbert_male = { Lutbert Liutbert Liutpert }
macabee_male = { Macabee Maccabee }
macbeth_male = { Macbethad Macbeth }
madron_male = { Madron Madrun Madryn Materiana Modron Matrona Madru }
maelgwn_male = { Maelgwn Maelcon Melgwn }
maer_female = { Maer ME_r }
magdalena_female = { Magdalena Madalena Maddalena Magda Magdalene Magdolna MadalE_na Madlena MagdelE_ne Magdaleine Madalene }
magnus_male = { Magnus Megistos Magne MagnU_s Maghnus }
magya_female = { Magya Magyal }
mahalia_female = { Mahalia Mahalie Mehalia }
mahendrapala_male = { Mahendrapala Mahendra Mahendrapal }
mahendravarman_male = { Mahendravarman MakE_ntiravarman }
mahipala_male = { Mahipala Mahipal }
mahmud_male = { Mahmud Mahamud MehmU_d Mahumud }
makarius_male = { Makarius Makarios Macari Makar }
malcolm_male = { Malcolm MA_el-Coluim Maelchon Maelcwn }
maldoven_male = { Maldoven MA_el-Dubh }
maldred_male = { Maldred MA_el-Doraid }
malise_male = { Malise MA_el-I_osa }
malkhas_male = { Malkhas Malkhazi }
malmfrid_female = { Malmfrid MalmfriT_ MA_lmfrI_D_r }
malmure_female = { Malmure MA_el-Muire Maelmurie }
malsnectan_female = { Malsnectan MA_elSnechtai }
manasseh_male = { Manasseh ManassE_s Menashe Menassier }
manfred_male = { Manfred Matfre Menfrid Manfredi Manfredo Manfredu }
mansur_male = { Mansur MensU_r }
manuchihr_male = { Manuchihr MenU_C_ihr }
manushihr_male = { Manushihr MenU_S_ihr }
maravarman_male = { Maravarman MA_ravarman }
marcella_female = { Marcella Marchell }
marcia_female = { Marcia Markia Marka ME_rka }
marcellus_male = { Marcellus Marcello Markellu Marsiglio Marcel }
marcianus_male = { Marcianus Meirchion Marcian }
marcus_male = { Marcus MA_rk Marcas March Marchell Marco Marek Margh Margos Mark Marko Markos Markose Markus Morcar Mare Marcos Marku Marcu ME_rko Marc }
margaret_female = { Margaret MA_irgred Maisie Marared Margalida MargarE_ta Margareta Margarete Margarid Margarida Margarita Margherita Margred Margrete Margrethe Margrud Marguarite Marguerite Peigi Margerita Marghirita MargarE_ta2 MarguE_rita MarkE_ta Marharyta Margit MA_rketa Margarite MaL_gorzata }
maria_female = { Maria MA_ire MA_ria Maike Mair MarI_a Mareike Mari Mariam Marie Marija Mary Mara Maura Mariami Mariyam Miryem Mairi Mor MO_r Morag Meriam MarIIa Marjam Mariia MarI_ja Marja Mirijam Miriam Maryam }
mariamma_female = { MariMA_tE_vatikal Mariamma }
marianus_male = { Marianus Marianos Meirion Marianu Mariano Marian }
marine_female = { Marine Marina Marinha Maryna Maryna2 }
marius_male = { Marius Mario Marios Maroe Mariu }
marjory_female = { Marjory Marthoc }
markward_male = { Markward Marquard Markwart }
marquise_female = { Marquise Marquesa }
martha_female = { Martha MA_rta MAErta Marta Marthe Marfa Marte Marti Martita Morta Marfie }
martin_male = { Martin MA_rton Maertijn Marcin MartI_n Marthin Martim Martino MartiN_o Martinho Merten Myrddin ME_rC_in Martinu }
marwan_male = { Marwan Merwan }
marzuban_male = { Marzuban Merzuban }
mascarosa_female = { Mascarosa MascarO_sa Mascarose }
masud_male = { Masud MesU_d Mesud Mas_u_d Mas_ud }
matad_male = { Matad Madog Matoc }
matilda_female = { Matilda Mafalda Mahaut Mathilde Matild Matylda Maud Mauda Mautild Mawd Mechthild Mathilda Mahalta Matilde Mechtild Mechteld Mechtilde Mechtildis }
matthew_male = { Matthew MaC_ko Maciej Matej Mateusz Matfei Math Mathieu MatouS_ Matta Matteo Matthaios Matti Mateu Matheo Matiyahu Matheus MA_tE_ MathiE_ Matteu Matvii Macviej Matfei2 MaC_ij Mattityahu Mattithyahu Mattanyahu MatthA_us Matieu }
matthias_male = { MA_tyA_s Mads Mathias Maththias Matias Matija Matiya Mats Matthias Mahuis }
mattea_female = { Mateja }
matej_ninoslav_male = { Matej_Ninoslav }
maurice_male = { Maurice Mauric Meurig Muiris MO_ris Muriq MO_ric }
mawgan_male = { Mawgan Meigant Meugan }
maximus_male = { Maximus Maximos Macsen Massimu Maksym Maksim Maks Massimo Massiminu Massim }
mayor_female = { Mayor Maior }
mellitus_male = { Mellitus Melitus Meletii Meletios }
meirona_female = { Meirona Meiriona }
melisende_female = { Melisende ME_lisande ME_lisende MelisE_nda Melisant Melissa }
melor_male = { Melor Meglar Mylor }
menas_male = { Menas Mina }
mencia_female = { Mencia MencI_a Mentzia ME_cia }
mendo_male = { Mendo Mem Menendo Melendu }
mercurius_male = { Mercurius Merkourios Merkurije ME_rkur }
merfyn_male = { Merfyn Mermin Merlin }
meriadoc_male = { Meriadoc Meiriadog Meriasek }
merryn_male = { Merryn Maruan }
michael_male = { Michael MichaE_l Michel Michele MihA_ly Mihail Mihajlo Mihangel Mikail Mikayel Mikhael Mikhail Mikheil Mikkel Mikko Miquel Mikha_il Mishael Mighele Mihai MechiE_l Mihailo Micheli Mykhailo MichaS_ MikhailU_ MichaL_ MikhaEl Michiel ME_hill MichE_l }
michaela_female = { Michaela MichaE_liko Michiele Mihaela }
milisa_female = { Milisa }
milosz_male = { Milosz Milos MiloS_ MiloSS Milosh }
milovan_male = { Milovan }
minver_male = { Minver Menefreda Minefrida Mynfreda }
miroslav_male = { Miroslav MirosL_aw MiroslavU_ Myroslav }
miroslava_female = { Miroslava Myroslava Miroslawa MirosL_awa }
mirza_male = { Mirza MI_rza }
mithridates_male = { Mithridates Mihrdat }
mona_female = { Mona Moyna Muadhnait }
morad_male = { Morad Murad Murat }
mordred_male = { Mordred Medrod Modred }
morfarch_male = { Morfarch Mormarch }
morgan_male = { Morgan Morcant Morgen Morien Muirgein }
morganna_female = { Morganna Morganne }
morna_female = { Morna Muirne }
moses_male = { Moses Mouses Musa Moshe Moise Moisi Muza }
mstislav_male = { Mstislav ML_cisL_aw MS_cisL_aw Mstyslav MscislaU_ MI_stislavU_ Mscislav MjeC_isL_aw Mistislav MiS_elav }
muhammad_male = { Muhammad Mahammad Mamlan Mihemed Mohammed Muhammed Mahamed Mehmed MO_xA_mmA_t Magomed Mohammad Mohamed }
mungo_male = { Mungo Mwyn }
munia_female = { Munia Monnia Munya Moninha MU_nia }
munio_male = { Munio Monio Monnio Muniu Muno }
murdoch_male = { Murdoch Maredudd Muiredach Murethach Meredith }
muriel_female = { Muriel Muirgel }
murron_female = { Murron Mirren Morien Moruen Muirenn }
mustafa_male = { Mustafa Mistefa }
nahir_male = { Nahir Nahor Nahur Nehor }
nanaydvar_male = { Nanaydvar Nanaithvar }
nanda_female = { Nanda Nande }
nandivarman_male = { Nandivarman Nantivarman }
narasimhavarman_male = { Narasimhavarman Naracimmavarman }
naravarman_male = { Naravarman Nar-Verma Naravarmandeva }
narses_male = { Narses Nerse Nerseh Nerses }
nasr_male = { Nasr Nesr }
natalia_female = { Natalia NatA_lia Nataliia }
nathan_male = { Nathan Naiton Nechtan Neithon NetanEl Natan }
nawshirwan_male = { Nawshirwan NoS_I_rwan }
nazgol_female = { Nazgol Nazgul }
nazir_male = { Nazir Nesir }
nechirwan_male = { Nechirwan NE_C_I_rvan }
neulenna_female = { Neulenna Neulina Newlyna }
nicholas_male = { Nicholas Cailean Calum Claes Claus Colin ColmA_n Columb MikoL_aj MikolA_S_ MikulA_S_ Nicholaus Niclaes Nicolas Niels Niklas Nikola Nikolaos Nikolaus Nikolitza Nikoloz Nils Nicola Nicolaie Nicolaie_Alexandru Nikolai Mykola Mikalaj Klaws MikL_awS_ Nikolas Nicolaus NikollE_ Nicolau }
nicola_female = { Nicola Nicolesa Nikolena Nika Nicole }
nicodemus_male = { Nicodemus Nikodim Nicudemu }
nigel_male = { Nigel Neil Niall NjA_ll }
ninoslav_male = { Ninoslav }
nirupatonkavarman_male = { Nirupatonkavarman Nirupatunkavarman }
nonna_female = { Nonna Non Nonne }
norbert_male = { Norbert Nordepert }
nowy_male = { Nowy Nougui }
nuno_male = { Nuno NuN_o Nunno NunO_ NuN_u }
nura_female = { Nura Nahara }
nuria_female = { Nuria NU_ria }
obeko_male = { Obeko Oveco }
octavius_male = { Octavius Eudaf Ottavio Ottaviu Octave }
octavia_female = { Octavia Ottavia }
odd_male = { Odd Oddr }
ofeig_male = { Ofeig O_feigr }
olaf_male = { Olaf AmlaI_b Anlaff Aulay Olafr Olav Olavi Oluf Onlaf O_lafr Alof }
oliver_male = { Oliver A_lbar A_lvar A_lvaro A_lvaru Alvar Oliuer Olivier }
olwen_female = { Olwen Uluen }
oneka_female = { Oneka Onecca Oneca Onega }
ordono_male = { Ordono OrdoN_o OrdoN_u Ordonho Ordonno }
orm_male = { Orm Ormr }
orvar_male = { Orvar O_rvar }
ostoja_male = { Ostoja }
osulf_male = { Osulf Oswulf }
oswald_male = { Oswald Oswallt Usuullt }
ottar_male = { Ottar Authari Ottarr O_ttar }
otto_male = { Otto Ebles Eudes Eudon Luder-Udo Odo Odon Ota Othon Ott Otton Ottone Udo Oton Uttuni Oddet OttO_ }
otwin_male = { Otwin Odoin }
pagan_male = { Pagan Payen }
pandaram_male = { Pandaram PantA_ram }
parakrama_male = { Parakrama ParA_kkirama }
parameswaravarman_male = { Parameswaravarman ParamE_svaravarman }
paranirupasingham_male = { Paranirupasingham Paranirupacinkam }
parankusan_male = { Parankusan ParA_nkucan }
parantaka_male = { Parantaka ParA_ntaka }
pararajasekharan_male = { Pararajasekharan PararA_cacE_karan }
parvaneh_female = { Parvaneh Perwane }
pascal_male = { Pascal Pasquale Pasqualis Paschalis Pascalis Pascale PasquA_l Paschal }
pascentius_male = { Pascentius Pasgen }
pashang_male = { Pashang PE_S_eng }
pasquitan_male = { Pasquitan Pascueten }
paternus_male = { Paternus Padarn Patern Pidarnoin }
patricia_female = { Patricia Patrikia Patrizia Patricija }
patrick_male = { Patrick PA_traic Padric Padrig Patrikios Patrizio Patryk Pedric Petroc }
paul_male = { Paul Boghos PA_l PAAl PO_l Paavo Paol Paulos Paulose Paulus Pavel Pavlos PaweL_ Pawl Pol Pavle Pal Bolis PA_ulu Paolo Pavao Pavlo Paviel PavelU_ PawoL_ Pauli }
paula_female = { Paula Paola PA_ula Pavla }
paulina_female = { Paulina Pavlina Pawlina }
pavica_female = { Pavica }
pelagius_male = { Pelagius Paio Pelagio Pelagios Pelaio Pelayo Pelayu PE_lage }
peronella_female = { Peronella PE_ronelle Peironela PeironE_la Pernelle Pernilla }
peroz_male = { Peroz PI_roz Faraz Feraz Pheroz Firuz }
peter_male = { Peter Bedros Boutros PE_ire PE_ter PE_r Pathrose Peder Pedr Pedro Pedru Pedur Pere Pero Petair Petar Petr Petre Petri Petro Petros Petrus Piarres Pierre Pieter Pietro Piotr Cephas Cephus PjetE_r Petragna Piero Perue Petru Pierro Pyotr PetrU_ Piatro PE_tr Perrot Petrou Pieri }
petronilla_female = { Petronilla Petronilha Pieternelle Petra PE_tronilye Petronia }
philip_male = { Philip Felip Felipe Ffilip Filip Filipe Filippo Filips FulO_p FU_lO_p Philipp Philippe Philippos Pilib Piyliypaos Phillip Phelippe Felipo Filipu Pylyp Pilip Filipp Filippu Philipo }
philippa_female = { Philippa Filipa Filippa }
plaisance_female = { Plaisance Plazentzia }
pons_male = { Pons PO_ncio PonC_ Ponce Ponz }
pourandokht_female = { Pourandokht Burandoxt Purandokht Burandokht }
pravara_male = { Pravara Pravare }
premysl_male = { PR_emysl PrzemysL_ PrzemysL_aw Premysl Premil }
priboje_male = { Priboje }
prijezda_male = { Prijezda }
priscilla_female = { Priscilla Prisisilla }
pritampala_male = { Pritampala Pritampal }
prithviraja_male = { Prithviraja Prithivipala Prithvipal Prithviraj Prithvi }
procopius_male = { Procopius Prokop Prokopios }
ptolemy_male = { Ptolemy Ptolemee PtolE_mE_e }
puviraja_male = { Puviraja PuvirA_ca }
rachel_female = { Rachel Raahelamma Rachele }
radgis_male = { Radgis Ratchis }
radic_male = { RadiC_ }
radislav_male = { Radislav }
radislava_female = { Radislava }
radivoj_male = { Radivoj }
ragnar_male = { Ragnar Ragnarr Ranieri Raniero Rainero Raineri Rayner Reinier Rajnar }
ragnfrid_female = { Ragnfrid RO_gnfriT_ RO_gnfrI_D_r }
ragnhild_female = { Ragnhild RO_gnhildr Ragnell Ronalda Ragnhildr Ragnailt }
ragnvald_male = { Ragnvald RO_gnvaldr Ragnald Ronald Reginald RE_genweald Rainald Ranald Reginhard Reinhold Rheinallt Rainaut Raynaud Raynold Reinoud Renaud Rinaldo Rinaldu Rogvolod Rohvolod Rahvalod RogU_volodU_ Ragnall Reignarz Rinatu }
radogost_male = { Radogost }
rahula_male = { Rahula Rahule }
rajadhiraja_male = { Rajadhiraja IrA_cA_tirA_ca }
rajaditya_male = { Rajaditya IrA_cA_titta }
rajaraja_male = { Rajaraja IrA_carA_ca }
rajasekhara_male = { Rajasekhara IrA_cA_cekara }
rajasingan_male = { Rajasingan IrA_cacimman }
rajendra_male = { Rajendra IrA_cE_ntira }
raka_male = { Raca }
ralph_male = { Ralph RE_dwulf Radke Radolf Radulf Radulfo Ralf Raolf Raoul }
randolf_male = { Randolph Randolf Pandulf Pandolfu Pandolfo }
rudolf_male = { HroT_ulfr Rudolf Rodolf Rodulfu Rudolph HrO_D_O_lfr Rolf Hrolfr HrO_lfr Rodolfo Rudolfu }
ramiro_male = { Ramiro Ramir Ramiru Ranimiro Remiro }
rampala_male = { Rampala Rampal }
ranadhiran_male = { Ranadhiran RanatI_ran }
ranaditya_male = { Ranaditya Ranatitta }
rangraja_male = { Rangraja Rangraj }
raphael_male = { Raphael Raziel Roufail Raphail Rafail RafaEl }
rawwad_male = { Rawwad Revend }
raymond-Berengar_male = { Raymond-Berengar Raimond-BerenguiE_ Ramon-Berenguer }
raymond_male = { Raymond Erramun Raimond Raimondo Raimundo Rajmund Ramon RamO_n RemO_n RE_mond Ramuni Raimont }
rebecca_female = { Rebecca Accamma Rivkah Rivqah }
refil_male = { Refil Refill }
regina_female = { Regina Rhiainfelt Rioantguellt }
reinbern_male = { Reinbern Reginbern }
renard_male = { Renard Reineke Reinhard Renhard }
resa_female = { Resa }
reuben_male = { Reuben Roupen Reuven Rupin }
rhiannon_female = { Rhiannon Rioanon }
rhiwallon_male = { Rhiwallon Riuallon }
riacet_male = { Riacet Riaged }
ricarda_female = { Ricarda Ricciarda RichE_nda Richara Richardis Richenda RI_kiza Rikissa Richent Richeut }
ricenus_male = { Ricenus Rhigeneu Riceneu }
richard_male = { Richard Reccared Rekkaredo Rhicert Ricard Ricardo Ricart Riccardo Riku Ryszard Riccardu Riocard Richart Rizzardo }
rikulfr_male = { Rikulfr RI_kU_lfr }
rioantdrec_female = { Rioantdrec Rhiaindrech }
riwal_male = { Riwal Rhiwal }
robert_male = { Robert Hrodberht Rhobert RobE_rt Roberto Robrecht Roparth Rubert Ruprecht Robertu Rubbertu Rohart }
roderick_male = { Roderick Rhodri Rhydderch Roi Roderic Rodericho Rodric Rodrigo Rodrigu Rory RuaidrI_ Ruatirch Rudri Rui Ruairi Rurik HrO_rekr RO_rek RO_rik HrE_rekr Riuryk Ruryk RjurikU_ Errodrigo }
rodgand_male = { Rodgand Hrodgaud }
rodwald_male = { Rodwald Rodoald }
roger_male = { Roger Rogier Rudigar Rutger Ruggeru HrO_T_geirr HroT_gar RogiE_r Ruggiero RugjE_r }
roland_male = { Roland Lachlan Rolland Orlando Orlando_ Orlannu Orlandu Orlant }
roman_male = { Roman RomA_n Rhufon Romanos Romanus Rumon Ruman Raman RomanU_ }
ronan_male = { Ronan RO_nA_n }
ros_female = { Ros RO_is }
rosa_female = { Rosa RO_zsa Rossa Rose RO_Z_a RO_za }
rostam_male = { Rostam Rostan Rustam }
roy_male = { Roy Ruah }
rucenus_male = { Rucenus Rhun Roucen Ru }
ruffinus_male = { Ruffinus Grifiud Gruffydd Griffith }
saba_male = { Saba Sabah Sabba_e Sava }
saba_female = { Saba Sabah Sava }
sabrisho_male = { Sabrisho Sabr_Ishu }
sadayavarman_male = { Sadayavarman Cataiyavarman }
sadmarkar_female = { Sadmarkar Semarkar }
saga_female = { Saga SA_ga }
samanta_male = { Samanta Samant-Singh Samantasimha }
samarasimha_male = { Samarasimha Samar-Singh }
sami_female = { Sami Sameah Samee Sameea Samiya Samiyah Samiyya Samya }
sami_male = { Sami Samiy }
samuel_male = { Samuel SA_muel Samoeli Sawyl Shmuel Samuil Samvel Samueli Samiilo ShemuEl }
samund_male = { SA_mund SE_mundr }
sancha_female = { Sancha Antsa SanC_a }
sancho_male = { Sancho Antso SanC_ Sanchu Sans Sante Sanyo Sanciu }
sanctus_male = { Sanctus Sandde }
sandalj_male = { Sandalj }
sanko_male = { Sanko }
sarah_female = { Sarah SA_ra Sara Saramma }
satinik_female = { Satinik Satenik }
sebastian_male = { Sebastian Bastian SebastiA_n Sebastiaen Sebastiano Sebastianos SebastiA_o Sebastianu }
seervallabha_male = { Seervallabha CI_vallapa }
seervallabhan_male = { Seervallabhan CI_vallapan }
segarajasekaran_male = { Segarajasekaran CekarA_cacE_karan }
senara_female = { Senara Zennor }
sergius_male = { Sergius Sarkis Sergios Serigi Sergio Sergiu Sergei Serhii Siarhiej Sergije }
serhilda_female = { Serhilda Serenahilt }
severin_male = { Severin Seferus Severinu Severino }
sevilay_female = { Savilay Sevilay }
sevindik_female = { Savintik Sevindik }
shadhi_male = { Shadhi S_adI_ }
shahab_male = { Shahab S_ahab }
shahanshah_male = { Shahanshah S_ahenS_ah Shanshe Sehinsah }
shahan_male = { Shahan Shahen }
shahbaz_male = { Shahbaz S_ahbaz }
shahin_male = { Shahin S_ahin }
shahram_male = { Shahram S_ahram }
shahrokh_male = { Shahrokh S_ahrux Sharokh Shahrukh }
shahruz_male = { Shahruz S_ahruz }
shahryar_male = { Shahryar S_ahryar }
shapur_male = { Shapur S_apur }
sharwin_male = { Sharwin S_arvin }
shavur_male = { Shavur S_awur }
shaw_male = { Shaw SE_aghdha }
shayan_male = { Shayan S_ayan }
sheraga_male = { Sheraga Shraga }
shirkuh_male = { Shirkuh S_I_rkU_h }
sibislav_male = { Sibislav }
sibylla_female = { Sibylla Sibila Sibilia Sibilla Sibyl Sybilla Sybille Sibel Sibbila Sybila }
sicco_male = { Sicco Sico Sikke }
siddhartha_male = { Siddhartha Siddharthe }
siegfried_male = { Siegfried Sigfrid SifrE_d SigfroT_ Sigifredo }
sieghart_male = { Sieghart Sieghard }
sigbjorn_male = { SigbjO_rn SigrbjO_rn }
sigisbert_male = { Sigisbert Sigbert Sibraht }
sigmund_male = { Sigmund Siegmund Sigismond Sigismund Zikmund Zsigmond Zygmunt }
sigrid_female = { SigrI_D_r Sigrid }
sigurd_male = { Sigurd SigurT_r Sigward Sikard Siward Siweard Sjoerd }
silvester_male = { Silvester Szilveszter Silvestro SavE_tro Salvestro Silvestru }
simhavishnu_male = { Simhavishnu Cimmavisnu }
simon_male = { Simon Simeon Simeoni Simion Simone Symeon Shem_on Shimon Sim_an Simuni Simione Siamion Semyon Semen SemeonU_ Szymon Syman Simonetto }
simone_female = { Simone Simona Simuna Simonetta }
singhabahu_male = { Singhabahu CinkapA_ku }
sisupala_male = { Sisupala Sisupal }
skule_male = { Skule Scule Skuli SkU_li }
slaine_female = { Slaine SlA_I_ne }
smbat_male = { Smbat Sumbat }
sobeslaus_male = { Sobeslaus SobE_slav Sobieslav SobiesL_aw SubisL_aw }
solomon_male = { Solomon Salman Salomon Selevan Selyf SolomO_n Sulayman Suleyman Shlomo Salomo Suleiman Sulaiman Suleima_n SU_leyman Salamon Shelomoh Salemon Salomone Salama }
solve_male = { SO_lve SO_lvi }
somerled_male = { Somerled Somhairle SumarliT_i }
sonpala_male = { Sonpala Sonpal }
sophia_female = { Sophia Z_ofie Sofia Sofie Sofija Sophie Zofia ZsO_fia Sohvi Sofiia SofI_ja Sofja ZZ_ofie }
sorkver_male = { SO_rkver SO_rkvir }
stanislav_male = { Stanislav StanisL_aw Stane StanislaU_ StanislavU_ }
stana_female = { Stana }
starkad_male = { Starkad StarkaT_r }
sten_male = { Sten Steinn Steyn }
stephania_female = { Stephania EstefanI_a Estefania EstefA_nia Estevainha StE_phanie Stefana Stefania Stephanie Stefani EstE_fE_nie Estienette S_tefana S_tefania }
stephen_male = { Stephen E_tienne Eappen EstE_banu Esteban EstE_ve Estevo EstE_vA_o Estienne Isteban IstvA_n Stefan Stefano Stefen Steffen Stepan Stjepan Stepanos Stepanoz Stephan Stephanos Steven Szczepan EtiE_ve StE_fanu IstE_vene Sciapan StepanU_ SC_E_pan S_C_E_pan Estiennot Stefanos S_tefan Scjefin }
styrkar_male = { Styrkar StyrkA_r }
suero_male = { Suero Soeiro Sueiro Sueru }
sukhinpala_male = { Sukhinpala Sukhinpal }
sultanpala_male = { Sultanpala Sultanpal }
sundara_male = { Sundara Cuntara }
sune_male = { Sune Suni }
sunyer_male = { Sunyer Suneario }
sunifred_male = { Suniefredo Sunifred }
surajpala_male = { Surajpala Surajpal }
surkhab_male = { Surkhab Surxap }
susan_female = { Susan Sosamma Susana Susanna Suzana Susanne Zusana }
svanhild_female = { Svanhild Svanhildr Swanahild Suanhilde }
svatopluk_male = { Svatopluk S_wiE_topeL_k Sviatopolk Svetopolk Sviatapolk SvE_topolkU_ Swietopelk }
sven_male = { Sven Soini Svein Sveinn Svend Swegn Sweeny Suibne Sweeney }
sviatoslav_male = { Sviatoslav S_wiE_tosL_aw Svietoslav SviataslaU_ SvE_toslavU_ Svetislav Svetoslav }
sigtyrgg_male = { Sigtrygg Sigtryggr }
symmachus_male = { Symmachus Symmachos }
tabitha_female = { Tabitha Tabatha Tabby Tabetha }
tadg_male = { Tadg Tadhg Tarla Tegwyd Taig Teague }
tahmasb_male = { Tahmasb Tahmasp }
talia_male = { Talia Taliah Talya }
talorcan_male = { TalorcA_n Telurgan }
talore_male = { Talore Talorc Telurg }
tamar_female = { Tamar Tamari Tamara }
tancostyla_female = { Tancostyla Tanguistl Tangwystl }
tancredi_male = { Tancredi Tancred }
taran_male = { Taran Tuireann }
tavi_male = { Tavi Tavish }
teath_female = { Teath Etha Itha Tecla Tetha }
teber_male = { TA_bA_r Teber }
teimuraz_male = { Teimuraz Taymuraz }
tejasimha_male = { Tejasimha Tej-Singh }
tejpal_male = { Tejpal Tejapala }
telesinus_male = { Telesinus Taliesin }
teresa_female = { Teresa Taresa Talesa Tarexia TerE_sa Tereza Terezia Thresiamma TerE_se Teres Terez Tiresa }
thaddeus_male = { Thaddeus Taddai Thadeosi Thiaddi Addai Taddeo Tadej }
thecla_female = { Thecla Tegla Tekla Thekla Fekla Teklia }
theobald_male = { Theobald Teobald Teobaldo Tetbald ThiE_baut Thiadbold Thibault Tibaldo Tibalt Tibaud Tibault Tybalt ThibO_d Tybaut }
theodat_male = { Theodat Dat Deodat Fedot Theodote Theodotos Fiadot }
theodora_female = { Theodora Feodora Teodora Fieadora Fedora ThE_odora Todorka Teodore }
theodore_male = { Theodore Feodor Tadeusz Tadros Teodor Teudar Teudur Tewdwr TheodO_ros Theodoros Thoros Tawadros Teodoro Tiudoru Tedore Fedir Fiodar Fyodor FeodorU_ Teodoras ThE_tore Tudor TeodO_r }
theodoric_male = { Theodoric Teudaric Teudric Tewdrig Theodoricho Thierry DE_tR_ich Diederick Diederik Dietrich Dirk Dytryk Theodorich TiE_rri Tudur Theoderic Theoderich Tiuduricu ThE_odoric }
theodosia_female = { Theodosia Feodosia Feodosiia Fieadosija }
theodosius_male = { Theodosius Tewdos Theodosios Teodosiu Theodosis Teodosije }
theophanus_male = { Theophanus Tifan  Theophanes Feofan }
theophania_female = { Theophano ThE_ophanie }
thomas_male = { Thomas TamA_s Thoma Tohmas TomA_s Tomas Tomasz Tomo Tomos Touma Toumas Tovmas Tam Tam_as Ta_mhas Th_amhais Tumasi Tommaso TomaS_ Toma TomAAS }
thomasa_female = { Thomasa Tam Tamasin Tami Tammy Tamsin Tamsyn Tamzin Thome }
thor_male = { Thor Donar }
thora_female = { Thora T_ora Tora T_O_ra }
thordis_female = { Thordis T_ordis T_O_rdI_s }
thorolf_male = { Thorolf T_orolfr Torolf T_O_rO_lfr }
thyra_female = { Thyra T_yra T_yri }
tiberius_male = { Tiberius Tiberios Tibor }
tiburge_female = { Tiburge Thetburga Tiborg Tibourge }
timothy_male = { Timothy Dimetheos Thimo Timotheos Timotei Timo Timoteu }
timur_male = { TimE_r Timur Temur TemU_r Temir Demir Timer }
#tisemir_male = { TI_semir Tihomir }
tjudmund_male = { Tjudmund T_iO_D_mundr }
toghrul_male = { ToghrI_l Toghrul Toghoril Tooril Togrul Tugrul  }
toke_male = { Toke TO_ki }
torbjorn_male = { TorbjO_rn T_orbjO_rn TorbjOErn }
torbrand_male = { Torbrand T_orbrandr }
tord_male = { Tord T_ordr T_orD_r }
torfinn_male = { Torfinn T_orfinn T_orfinnr }
torkel_male = { Torkel T_orgil Thurcytel Torgil Torgils Torquil T_orgils }
tornik_male = { Tornik Tornike }
torsten_male = { Torsten T_orsteinn Torstein }
totil_male = { Totil T_jO_stO_lfr }
toste_male = { Toste Tostig TO_sti }
trajan_male = { Trajan Traianos }
tristan_male = { Tristan Drosten Drystan }
tryggve_male = { Tryggve Tryggvi }
tvrtko_male = { Tvrtko }
tuathal_male = { Tuathal TU_athal Tudwal Tugdual }
tudwallon_male = { Tudwallon Tuduallon }
tudy_male = { Tudy Tudi }
udaya_male = { Udaya Utaiya }
uffe_male = { Uffe Offa }
uhtred_male = { Uhtred UhtrE_d }
ulf_male = { Ulf Ulfo Ulfr Ulv Wulf Wulff U_lfr }
ulfhild_female = { Ulfhild Wulfhild Wulfhilde U_lfhildr Ulfhilde }
ulrich_male = { Ulrich OldR_ich Udalrich Ulric Oldrzych }
ulvhilde_female = { Ulvhilde Ulfhildr }
urban_male = { Urban Erb Erbin Erpin Irb Urbien Urbano Urbanus Urbain }
urbgenius_male = { Urbgenius Urbcen Urien }
urraca_female = { Urraca Urraka }
ursus_male = { Ursus Orson Ursion }
ute_female = { Ute Oda Uta }
vaclav_male = { VA_clav VE_nceslav WaN_ko WacL_aw Vaclav Vencel Wenzel Viacheslav ViaC_aslaU_ Vyacheslav VE_C_eslavU_  Viacheslav2 WjacL_aw Wenceslaus Waclaw Veaceslav Viacslav }
vairisimha_male = { Vairisimha Vairsingh }
vakhtank_male = { Vakhtank Vakhtang }
vakpati_male = { Vakpati Vakapati Vakpatiraja }
valentin_male = { Valentin Ualan Valentino Walan Walenty Valentinus Valentyn Valintinu Valenti }
valentina_female = { Valentyna Valentina Valintina }
valerian_male = { Valerian Valirianu Valeran }
valerius_male = { Valerius Valerios Valeriu Valerio Valerii Valieryj Valeriy }
valhanadeva_male = { Valhanadeva Valhana }
varagunan_male = { Varagunan Varakunan }
varagunavarman_male = { Varagunavarman Varakunavarman }
varshapala_male = { Varshapala Varshpal }
varshasb_male = { Varshasb VarS_asp }
vasco_male = { Vasco Balashk Belasko Blasco Velasco Velascu }
veep_female = { Veep Vepa }
vermudo_male = { Vermudo Bermond Bermudo Bermudu Veremondo Veremundo }
victor_male = { Victor Biktor Uther Uthyr Viktor Wecta Vittoriu Vittore Vittorio VitO_r Vihtora }
victoria_female = { Victoria Viktoriia Vittoria }
vidurathpala_male = { Vidurathpala Vidurathpal }
vigdis_female = { Vigdis VigdI_s VigdI__s }
vigraharaja_male = { Vigraharaja Vigrharaja }
vijayaditya_male = { Vijayaditya VicayA_titta }
vijayalaya_male = { Vijayalaya VicayA_laya }
vijayaraga_male = { Vijayaraga VicayA_raka }
vikramaditya_male = { Vikramaditya VikramA_tittA_ }
vincent_male = { Vincent C_enE_k VicenC_ Vicente Vincenne Vincenzo Wincenty Vissente Vicenzu VicenC_ }
virabhadra_male = { Virabhadra Kwirapabhadra }
virakhesari_male = { Virakhesari VI_rakE_cari }
virarajendra_male = { Virarajendra VI_rarA_cE_ntira }
virasekhara_male = { Virasekhara VI_racE_kara }
viriathius_male = { Viriathius Guriant Gwriad }
virodaya_male = { Virodaya VI_rO_taya }
vishtasb_male = { Vishtasb VI_S_tap }
vitaca_female = { VitaC_a }
vitalinus_male = { Vitalinus Gwydolin Vitaliano Vitalianus }
vitalis_male = { Vitalis Guitol Gwydol Vitale Vitalii }
vladimir_male = { Vladimir Valdemar VladimI_r Waldemar Volodymyr Uladzimir VolodimerU_ WL_odzimierz LadomI_r }
vladislav_male = { Vladislav WL_adysL_aw WL_odzisL_aw Ladislaus LA_szlO_ Ladislau Volodyslav Ladislav UladzislaU_ VolodislavU_ }
vlatko_male = { Vlatko }
vojaca_female = { VojaC_a }
vojislava_female = { Vojislava Vojsava Woislawa Woislava WojsL_awa }
vortigern_male = { Vortigern Gurthiern Gwerthern Vortegyn }
vortimer_male = { Vortimer Gwerthefyr }
vratislav_male = { Vratislav Wertislav WratysL_aw Wratislaw }
vsebor_male = { VS_ebor WszebO_r Vsebor }
vukac_male = { Vukac }
vukasin_male = {VukaS_in }
vukmir_male = { Vukmir }
wahustan_male = { Wahustan Vahusdan }
walter_male = { Walter BhA_tair Gauthier Gautier Gualter Guterre Gutierre Guttier Ualtar Valteri Walthari Walther Wolter Gualtiero WaL_tar Waltger Wautier }
waltheof_male = { Waltheof Waldeve }
weickhard_male = { Weickhard Weichart }
werestan_male = { Werestan Gwerstan }
werner_male = { Werner Irnerius Warin Werneke Warner Garnier }
wilfred_male = { Wilfred GuifrE_ Wifredo Vilfredo }
william_male = { William Gilen GuilhE_m Guilhem Guilherm GuillE_n Guillerme Guillaume Guillem Guillermo Gwilym Liam Uilliam VilE_m Vilhelm Wilhelm Willem Uilleam Gugghiermu GuilyO_mo Wyli Guillelme Gulielm Vielm }
williamette_female = { Williamette Guillaumette Guillelma Guillemecte }
winaloe_male = { Winaloe Guinol }
winifred_female = { Winifred Gwenfrewi }
withred_male = { Withred WihtrE_d }
wolfram_male = { Wolfram Vulframn }
xemraja_male = { Xemraja Kshemraja }
ximena_female = { Ximena Jimena }
yazid_male = { Yazid YezI_d }
yeghishe_male = { Yeghishe Yeghise }
yolanda_female = { Yolanda Ioulanda Jolanta Valence Viola Violant Violante Violent Yolande Viulanti }
violet_female = { Violeta Violetta }
yuddamalla_male = { Yuddamalla Yuddhamalla }
yves_male = { Yves Erouan }
yvonne_female = { Yvonne Erouana Yvon }
zachary_male = { Zachary Zacharias Zakariyah Zachariah Zacharria Zakare Zaccaria Zakhar Zakharias Zakhariya Zacarie Zack }
zartosht_male = { Zartosht ZerdeS_t }
zbynek_male = { ZbynE_k Zbigniew Zbyszko Zbynek }
zosimus_male = { Zosimus Zosima }
zeta_female = { Zeta Zeita }
zeya_male = { Zeya Zeyar }
zubeyr_male = { Zubeyr Zuber }

#Custom
aetius_male = { Aetius Ezio }
lucretia_female = { Lucrezia Lucrezzia Lucrezie }
bogumil_male = { BogumiL_ Bogumil Bohumil }
casimir_male = { Casimir Kazimierz Kazimir Kasimir }
uros_male = { Uros UroS_ UroS__DuS_an UroS__Milutin UroS__DeC_anski }
casimira_female = { Kazimiera Kazimira }
dragos_male = { Dragos DragoS_ DragoS_2 Drago }
siger_male = { Sigerio Sigeriu Sigieri }
junius_male = { Junius Jugno }
leonard_male = { Leonardo Leonardus Leonardu LE_onard Lenart }
marinus_male = { Marinus Marin Marinu Marino }
nicephorus_male = { Nikephoros Nichiforus Nicefuru NicE_phore }
gervaise_male = { Gervaise Gervase Gervas Gervasius Girvais Girvasiu }
esther_female = { Esther Ester Eszter }
samira_female = { Samia Samira }
hector_male = { Hector Hektorios Ettore Heitor }
sigeric_male = { Sigeric Sigericho Sigericos }
callisto_male = { Callisto Callistus Kallistos Callistu Calist }
innocent_male = { Innocentius Innokentios Innocenzo Nnuccenzu Inokentii }
uthman_male = { Uthman Othman Utman Otman Osman }
saladin_male = { Salahaddin Salahhadin Salahuddin Saladin Saladino }
saphadin_male = { Sayf-ad-Din Saifuddin Seyfettin }
salvador_male = { Salvador Salvatore Sarvaturi }
ozbeg_male = { O_zbeg U_zbA_k }
timurtash_male = { Timurtas Timurtash }
qasim_male = { Qasim Kashim Kasim KasI_m }
danishmend_male = { Danismend DaniS_mend }
qutalmish_male = { Qutalmish Kutalmis }
seljuk_male = { Seljuk SelC_uk }
omar_male = { Omar Umar Omer }
fatima_female = { Fatima Fatimah Fatma Fa_tima Fadumo }
malik_shah_male = { Malik_Shah Meliksah }
malik_male = { Malik Melik Melek MA_lik MA_lik2 Melech }
kamal_male = { Kemal Kamal }
pius_male = { Pius Pio Piu }
samson_male = { Samson Samsun Shimshon }
saul_male = { Saul Saule ShaUl }
berhtwulf_male = { Bertolf Bertulf }
monica_female = { Monica MO_nica Monika }
roxanne_female = { Roxana Rossana Ruxandra Roshni }
basilica_female = { Basillike Vasilica Vasilisa Vasylisa Vasilka }
seljuk_shah_male = { Saljuq_Sha_h Saljuq_Shah Seljuk_Shah }
almish_male = { Almish AlmI_S_ }
alzek_male = { Alzek A_lC_ek }
barak_male = { Barak Baraq BA_rA_k }
tinibeg_male = { Tinibeg TA_nibA_k }
janibeg_male = { Janibeg CanibA_k }
bohemond_male = { Bohemond Boemunnu BoE_mond }
odoacer_male = { Odoacer Odoaker Ottokar Otker Otokar Otakar }
abu_bakr_male = { Abu_Bakr Abubakari Abu-Bakr }
murchad_male = { Murchad Murchadh }
octavian_male = { Ottaviano Octavianus }
eupraxia_female = { Eupraxia Yevpraxia Yevpraksiia JeU_paksija }
oscar_male = { Oscar OszkA_r }
amadeus_male = { Amadeus AmE_dE_e AmE_dE_ Amadeo Amedeo }
florenc_male = { FlorE_nC_ Fllorent }
fiorenza_female = { Fllorence Fiorenza }
hermine_female = { Hermine HE_rmina }
apollonia_female = { Apollonia ApolE_na }
laura_female = { Laura Laure LO_ra }
arduin_male = { Hardouin ArdoI_n Arduino Arduinu Ardoino }
jerome_male = { Hieronymus JE_rO_me JerO_mo ZirO_nimu Girolamo Jaroni }
aymon_male = { Aymon E_mon }
taliba_female = { Talida Taliba }
vitalina_female = { Vitalina Vitaliana }
victorina_female = { Vitorina Viktoryna }
philomena_female = { Filomena Filumena FilomE_ne }
dujma_male = { Dujma Dujam Duim Duym }
dhidhin_male = { Dhiidhin Dhidhin }
umur_male = { Umur Umor }
hetum_male = { Hetum Hethum }
konradin_male = { Konradin Corradino }
abolhassan_male = { Abolhassan Abu_l-Hasan }
anselm_male = { Anselm Anselmo Anselmu Anselme }
euphemios_male = { Euphemios Eufemiu Yefimiy Yevfymii JaU_chim }
napoleon_male = { Napoleone Napuliuni NapoleO_ }
biagio_male = { Biagio Biaggiu }
ranulf_male = { Ranulf Rainulfu }
liberius_male = { Liberius Libero Libberiu }
amaneus_male = { Amanieu Amaneus }
celestin_male = { Cilistinu CelestI_nu }
fortunato_male = { Fortunato Furtunatu FortunA_t }
khadija_female = { Khadija Hatice }
demid_male = { Demid Demyd Dziamid }
gleb_male = { Gleb Hlib Hlieb GlE_bU_ }
mitrofan_male = { Mitrofan Mytrofan Mitrafan MitrofanU_ }
niketas_male = { Niketas Mykyta Nikita Mikita NicE_tas Niketa Nicet }
rostislav_male = { Rostislav Rostyslav RascislaU_ RostislavU_ Rastislav RoS_cisL_aw }
sudislav_male = { Sudislav Sudyslav SudzislaU_ SudislavU_ }
svetozar_male = { Svetozar Svitozar Svietazar }
terentiy_male = { Terentiy Terentii Ciarencij }
tryphon_male = { Trifon Tryfon Tryfan }
vasilko_male = { Vasilko Vasylko VasiL_ka }
vojislav_male = { Vojislav Voislav WO_jsL_aw }
elisha_male = { Elisha Yelisey Yelysei Jelisiej Jelisei }
titus_male = { Titus Titos Tit Cit TI_t }
xenia_female = { Xenia Kseniia Ksienija Ksenia }
helga_female = { Helga Olga Olha VoL_ha VolI_ga }
darya_female = { Darya Dariia Darja }
dobronega_female = { Dobronega Dobroneha Dabranieha Dobroniega }
fevronia_female = { Fevronia Fevroniia }
gorislava_female = { Gorislava Horyslava Haryslava }
gradislava_female = { Gradislava Hradyslava Hardzislava }
gremislava_female = { GrzymisL_awa Gremislava Hremyslava Hrymislava }
praskovya_female = { Praskovya Paraskeva PraskoU_ja }
premyslava_female = { Premyslava Priamyslava Pramislava }
pribislava_female = { Pribislava Prybyslava PR_ibyslava }
rogneda_female = { Rogneda Rohneda Rahnieda }
rostislava_female = { Rostislava Rostyslava }
sbyslava_female = { Sbyslava Zbyslava }
tatiana_female = { Tatyana Tetiana Tacciana TatI_jana Tatjana }
zvenislava_female = { Zvenislava Zvenyslava Zvianislava }
dobrynia_male = { Dabrynia Dobrynia DobrynE_ }
iziaslav_male = { Iziaslav IziaslaU_ IzE_slavU_ Izeslav }
putiata_male = { Putiata Puciata PutE_ta }
radoslav_male = { Radoslav RadaslaU_ RadoslavU_ RadosL_aw }
rodislav_male = { Rodislav RadzislaU_ RodislavU_ }
viacheslava_female = { Viacheslava ViaC_aslava VE_C_eslava Viacheslava2 Vjekoslava }
vsevolod_male = { Vsevolod Usievalad VsevolodU_ }
vyshata_male = { Vyshata VyS_ata }
vysheslav_male = { Vysheslav VyS_aslaU_ VyS_eslavU_ Viseslav }
yaropolk_male = { Yaropolk Jarapolk JaropolkU_ }
volodar_male = { Volodar Valadar VolodarI_ }
vseslav_male = { Vseslav UsiaslaU_ VseslavU_ }
oksana_female = { Oksana Aksana }
malfrida_female = { Malfrida Malfryd }
malusha_female = { MaluS_a Malusha }
dobroslava_female = { Dobroslava Dabraslava Dobroslawa DobrosL_awa }
boleslava_female = { Boleslava Baliaslava }
predslava_female = { Predslava Pradslava }
pereyaslava_female = { Pereyaslava Pierajaslava Pereiaslava Perejaslava }
sviatoslava_female = { Sviatoslava Sviataslava SvE_toslava Svetoslava S_wiE_tosL_awa }
vseslava_female = { Vseslava Usiaslava }
yaroslava_female = { Jaraslava Yaroslava Jaroslava }
nestorius_male = { Nestore Nestorios NestorU_ Nestor }
serafino_male = { Serafino Serafinu Serafym Seraphin }
arsenios_male = { Arsenio Arsenios Arsen Arsenii }
hypatios_male = { Hypatios Ipatii }
leonidas_male = { Leonide Leonid Lieanid }
miloslav_male = { Miloslav Myloslav Milislav MilosL_aw }
mechislav_male = { Mechislav Mechyslav }
obadiah_male = { Obadiah Ovdii Ovadyah }
ephraim_male = { Ephraim Efrayim Okhrim }
prochoros_male = { Prokhor Prochoros Prohor }
taras_male = { Taras Tarasios Tarassi Tarasiy }
philaretos_male = { Philaretos Filaret }
lucina_female = { Lucina Lukina }
mila_female = { Mila Myla }
sonia_female = { Sonia Sonia2 }
angeline_female = { Angeline Anhelina }
valeria_female = { Valeria Valeriia Valerija }
galene_female = { Galene Halyna }
zinaida_female = { Zinaida Zenayida }
bozhena_female = { Bozhena BoZ_ena BoZZena Bazhena }
lidia_female = { Lidia Lidiia Lidiya }
liudmila_female = { Liudmila LudmiL_a Lyudmila Liudmyla Ljudmila Ludmila }
miloslava_female = { Miloslava Myloslava }
mylia_female = { Milja Mylia }
orina_female = { Orina Oryna }
kira_female = { Kira Kyra }
larissa_female = { Larissa Larysa }
arsenia_female = { Arseniia }
faina_female = { Faina Faina2 }
mubarak_male = { Mubarak Mubarrak }
salih_male = { Salih Salikh Shelach Shelah }
meinhard_male = { Meinhard Menhard Meginhard }
panteleimon_male = { Panteleimon Pancieliajmon }
ivanko_male = { Ivanko Janka Janko Janek Iancu }
ruslan_male = { Ruslan RuslanU_ }
liubava_female = { Liubava Ljubava }
tverdislav_male = { Tverdislav Tvrdoslav }
bohumir_male = { BohumI_r BohumE_r }
maximilian_male = { Maximilian Maksymilian }
methodius_male = { Methodios Metod }
radomir_male = { Radomir RadomI_r RadomE_r }
annamaria_female = { Annamaraju Anemarija Hanamarja }
antonia_female = { Antonia Antonija }
marianne_female = { Marianna Mariane Marjana }
silvia_female = { Silvia Silwija Sylwija Sylwja Silvija Silviya }
veronica_female = { Veronika Weronika }
rusalka_female = { Rozalka Ruzalka }
verina_female = { Verina Werina }
poppo_male = { Poppo Popo Popon }
jeanette_female = { Jeanette Janet Seonaid }
gillespie_male = { Gillespie Gilleasbaig Gillespic Uspak }
heinz_male = { Hinc Hencz }
sanjar_male = { Sanjar Sancar }
welf_male = { Welf Guelph }
eliezer_male = { Eliezer EliEzer }
zayd_male = { Zayd Zeyd }
trojden_male = { Trojden Traidenis }
boryslav_male = { Boryslav BorzysL_aw Borislav }
domitian_male = { Domitian Domicjan }
ivanka_female = { Ivanka Johanka }
zdislav_male = { Zdislav Zdeslav ZdzisL_aw }
mojmir_male = { Mojmir MojmI_r }
miloboj_male = { Miloboj Milivoj }
pribislav_male = { Pribislav PrzybysL_aw PrzybysL_aw }
zbyslav_male = { Zbyslav Sbyslav Sebeslav }
gisulf_male = { Gisulf Gisulfu }
euthymius_male = { Euthymios Evtimii }
lubomir_male = { Lubomir Ljubomir LubomI_r }
bogumila_female = { Bogumila Bohumila }
dragoslav_male = { Dragoslav Drahoslav }
bogdana_female = { Bohdana Bogdana }
aethelric_male = { E_thelric Odelric }
aethelhard_male = { E_thelhard Adalhard }
hamid_male = { Hamid al-Hamid }
khidr_male = { Khidr Khider Hizir }
amin_male = { Amin Al-Amin }
inal_male = { Inal Yinal }
baghatur_male = { Baghatur Baatar Batur Bahadir Bahadur Batir Bator BA_tur }
bathsheba_female = { Bathsheba BatSheva }
kaykaus_male = { Kaykaus Keykavus }
qaiqabad_male = { Qaiqabad Keykubad Kaiqobad Kayqubad }
dukak_male = { Dukak Duqaq }
kilij_male = { Kilij KiliC_ }
tokhtamysh_male = { TuqtamI_S_ Toktamis }
dunya_female = { Dunya DU_nya }
terken_female = { Terken Terkhen }
aksungur_male = { Aksungur Aksonqor }
artuk_male = { Artuk Ortok }
gunduz_male = { Gunduz GU_ndU_z }
mirko_male = { Mirko Mircea }
bronislav_male = { Bronislav Branislav BronisL_aw }
berkiyaruk_male = { Berkyaruk Berkiyaruk }
dobrava_female = { Dobrava Dobrawa Dubravka }
leka_male = { Leka LekE_ }
leotrim_male = { Leotrim Leutrim }
boxia_female = { Bosa Boxia }
vlad_male = { Vlad Vlado }
stanisha_male = { Stanisha Stanisa }
bozidar_male = { BoZ_ydar Bozidar BoZ_idar Bozhidar }
vitus_male = { Vitu VI_t }
bertrada_female = { Bertrada Bertrade }
judah_male = { Jude Yehudah }
martina_female = { Martina Martine Martyna }
paulinus_male = { Paulinus Paulin }
angelica_female = { Angelica Angjeliche }
maurus_male = { Maurus Mauros Mauru Maur }
achilles_male = { Achille AchI_l Achila Achilla }
hilarius_male = { Ilari Ilariu }
agapitus_male = { Agapito Agapitu AgapI_t }
severus_male = { Severus Severo SevE_r }
adelphus_male = { Adelfo Adelf }
wartislaw_male = { Wartislaw WarcisL_aw }
swantibor_male = { Swantibor S_wiE_tobor Swietibor }
siemomysl_male = { Siemomysl SiemomysL_ }
ratibor_male = { Ratibor Racibor RatiboR_ }
wlodek_male = { Wlodek WL_odek }
wislaw_male = { WisL_aw Wizlaw }
dobieslaw_male = { Dobieslaw DobiesL_aw Dobieslav }
dragomira_female = { Drahomira Dragomira }
scholastica_female = { Scholastyka Scolastique }
ursula_female = { Ursula Urszula UrS_ula }
stanislava_female = { Stanislava StanisL_awa }
boguslava_female = { Boguslava Bohuslava BogusL_awa }
mestwin_male = { MS_ciwO_j Mszczuj Mestwin }
vaclava_female = { VA_clava WacL_awa }
swenzo_male = { Swenzo S_wiE_ca }
salome_female = { Salome Salomea }
svetlana_female = { SvE_tlana S_wietlana }
radoslava_female = { Radoslava RadosL_awa }
branislava_female = { Branislava BronisL_awa }
gaetano_male = { Gaetano GaetA_nu Kajetan }
uriah_male = { Uriyah Urjasz }
slavina_female = { Slavina SL_awina }
vera_female = { Vera Wera }
dagmar_female = { Dagmar Dagmara }
hippolytus_male = { Hippolytus Hippolytos Ipoly Ippolito Hipolit }
jeno_male = { JenOE JenO_ }
cassius_male = { Cassius Cassio Kasio }
guntina_female = { Guntina Gontinha }
jimeno_male = { Jimeno Ximeno }
widukind_male = { Wedekind Widukind }
geirr_male = { Geirr Geir }
hogni_male = { HO_gni HO_gne }
fortun_male = { FortU_n Fortun Orti }
awriyah_female = { Awriya Oria }
