
amarithiwong_male = { Amarithiwong Amarithivong Amaridhivong }
borom_male = { Borom Barom }
chaisuriwong_male = {Chaisuriwong Chey_Soryvong}
chakrapong_male = { Chakrapong Chakropong }
chantharangsi_male = { Chantharangsi Chantaraingsey }
chandarith_male = { Chandarith Chanthrarit Chantharit }
chaiyachettha_male = { Chaiyachettha Chey_Chettha }
chaiyasiri_male = { Chaiyasiri Chey_Serey }
chattiwong_male = { Chattiwong Chattivong }
darawong_male = { Darawong Daravong }
darasuriyawong_male = { Darasuriyawong Darasoryavong }
issarawong_male = { Issarawong Essaravong }
intharit_male = { Intharit Enthrearith }
inthawong_male = { Inthawong Inthrawong Entaravong }
inthayot_male = { Inthayot Inthrayot Indrayos }
kaew_borom_male = { Kaew_Borom Keo_Barom }
kaew_mongkhol_male = { Kaew_Mongkhol Keo_Mongkol }
kiriwong_male = { Kiriwong Kirivong }
mahawangsa_male = { Mahawangsa Mahawong Mohavong }
mahesuan_male = { Mahesuan Mahesvara }
nantharit_male = {Nantharit Nandarith }
nanthasen_male = {Nanthasen Nandasena }
nanthasurin_male = { Nanthasurin Nandasurindra}
nanthawong_male = { Nanthawong Nandavong }
narayana_male = { Narayana Narai }
narasuriyawong_male = { Narasuriyawong Narasoryavong }
narawong_male = { Narawong Naravong }
pathummawong_male = { Pathummawong Botummavong Padumavong }
phromsurin_male = { Phromsurin Brahmasurindra  }
phrommathat_male = { Phrommathat Brahmadatta }
ramawong_male = { Ramawong Reameavong Ramavong }
ronnareth_male = { Ronnareth Ranareth }
ronnarit_male = { Ronnarit Ranariddh }
rotthasen_male = { Rotthasen Rathasena }
siriwattana_male = { Siriwattana Sereyvatthana }
siriwut_male = { Siriwut Sereyvuth }
siriwong_male = { Siriwong Sereyvong }
srisurin_male = { Srisurin Srisurindra }
sukhawong_male = { Sukhawong Sokhavong Thukha_Wuntha }
suryanarayana_male = { Suryanarayana Suriyanarai }
suriyawong_male = { Suriyawong Soryavong Suryavong Suryawangsa }
suthana_male = { Suthana Suthon Sudhana Thudana }
suwannarit_male = { Suwannarit Sovannarith }
suwannawong_male = { Suwannawong Sovannavong Suvarnavong }
thammasena_male = { Thammasena Dhammasena }
thewawong_male = { Thewawong Devavong Dewa_Wuntha }
thommovong_male = { Thommovong Thammawong Dharmawangsa Dhammavong }
uthaiwong_male = { Uthaiwong Outeyvong }
vathanakvong_male = { Vathanakvong Wattanawong }
worasena_male = {Worasena Varasena }
yukanthor_male = { Yukanthor Yukhonthorn }
youtevong_male = { Youtevong Yuttiwong }
channeary_female = { Channeary Channari }
chanthawadi_female = { Candrawati Chanthawadi Chanthrawadi Chanthavatey Chandravati Sandawaddy }
darareaksmey_female = { Darareaksmey Dararatsami }
darawadi_female = { Darawadi Daravatey }
duongdara_female = { Duongdara Duang_Dara }
duongkeo_female = { Duongkeo Duang_Kaew }
duongmealea_female = { Duongmealea Duang_Mala }
duongmony_female = {Duongmony Duang_Mani}
keomealea_female = {Keomealea Kaew_Mala }
keomony_female = { Keomony Kaew_Mani }
keosopha_female = { Keosopha Kaew_Supha }
ketnari_female = { Ketnari Kethnary }
ketsara_female = { Ketsara Kessara }
ketsari_female = { Ketsari Kessarey }
lakkhana_female = { Lakkhana Leakena }
lamduan_female = { Lamduan Roumduol }
lamyong_female = { Lamyong Roumjong }
malis_female = { Malis Mali }
malee_female = { Malee Maly }
malislear_female = { Malislear Malila }
manichan_female = { Manichan Monichan Manichanda Manisanda }
manidara_female = { Manidara Monidara }
manirattana_female = { Manirattana Moniratna Maniratna }
manirangsi_female = { Manirangsi Moniringsy Maniramsi }
manisopha_female = { Manisopha Monisophea Manisobha }
methawi_female = { Methawi Methavy }
nanthawadi_female = {Nanthawadi Nandawaddy Nandavatey }
pathumma_female = {Pathumma Padonmar Paduma Botumma }
pongnari_female = { Pongnari Pongneary }
praphawadi_female = {Praphawadi Pabawaddy Prabawati Prapheavatey }
sereysophea_female = { Sereysophea Srisopha }
sirikalaya_female = {Sirikalaya Thiri_Kalaya Sereykalaya }
sirimala_female = {Sirimala Thiri_Mala Sereymealea Srimala }
sirimaya_female = { Sirimaya Thiri_Maryar Srimaya Sereymeayea }
sirithida_female = { Sirithida Sereythyda }
suphannawadi_female = {Suphannawadi Thuwunnawaddy }
suwannamala_female = { Suwannamala Sovanmealea Suvarnamala }
suwannamalee_female = { Suwannamalee Sovannamaly Suvarnamali }
suwanthewi_female = { Suwanthewi Sovanntevy }
john_male = { Chuan Gian Giano Giovanni Giuanne Giuvanni Gjon HanuS_ Hovhannes Iain Iehan Ieuan Ioan Ioane Ioann Ioannes IO_annE_s Iuan Ivan IvaniS_ JA_nos Jan JanisL_aw Janis Janko Janos Janusz Jean Jehan JoA_o Joan Joanes Joannes Johan Johann Johannes John Jon Jovan Juan Juanne Juvven SeA_n SeoA_n Vanni Yahya Yohannaan Yohannan Youkhanna Yuhanna Yunanis XoA_n Xuan Jiwen Yowan }
joakim_male = { Giuacchinu Joakim Jochim Jiwekim }
irene_female = { Irene Eirene IrE_n Irina Jerina }
isaac_male = { Isaac Ishaq Ittac Sahag Sahak Yishaq }
david_male = { DabI_d Dabuut Daevit Dafydd Da_oud Daoud Daouda Da_ud Dauid DA_vi Davi David Davide Davit Davud Davyd Dawud Deui Dewi Tuokko Dawet Dawwit }
michael_male = { Michael MichaE_l Michel Michele Micheli Migali Mighele MihA_ly Mihail Mihajlo Mihangel Mikail Mikayel Mikel Mikelli Mikhael Mikhail Mikheil Mikkel Mikko Miquel Mikha_il Michiel Mikhayl }
abraham_male = { Abraham Abraam Avraaham Brahim Ebrahim Ibrahim YaravAm Awrakham }
matthew_male = { MaC_ko Maciej Mads Maffeo Mahuis Matej Mateu Mateusz Matfei Math Matheo Mattanyahu Matias Matija Matiya MatouS_ Mats Matta Matthew Mathias Mathieu Maththias Matteo Matteu Matthaios Matthias Matti Mattia Mattithyahu Mattityahu MA_tyA_s Matte }
solomon_male = { Salemon Salman Salomon Selevan Selyf Solomon SolomO_n Sulayman Suleyman Selemen }
alexander_male = { Alastair Aleksander Aleksandr Aleksandre Ales Alessandro Alexander AleksandE_r Alexandr Alexandros Alexandru Alisander Alissandru Alixandre Allisander Chaandy Eskander Lissandru Iskander Iskender Iskinder SA_ndor Eskindar Aleksandir }
joseph_male = { Giuseppe Giuseppi Hovsep Iosep Ioseph Joseph Josif Josip Jozef JO_zef JO_zsef Yosef Yosip Yousef Youssef YuC_uf Yusuf Zuseppe Juwsif }
jacob_male = { Chaacko Chaime Giacomo Giacopo Hamish Iacob Iacobus Iacopo Iago Iakobos Iakov Jaakoppi Jacco Jacme Jacob Jacopo Jacopu Jakov Jacques Jagu Jaime JA_kob Jakob Jaksa Jakub Jakue Jakusz James JA_picu Jaques Jaume KO_pke Lapo Puccio SE_amas Yaakov Ya_qob Ya_qub Yaqub Yekwib }
demetrius_male = { Demetre Demetrio Demetrios Demetrius DhimitE_r Dmitriy Dirmit }
theodosius_male = { Tedisio Teodizio Teodosiu Tewdos Theodosios Theodosius Feodosi }
george_male = { Djordje Georg George GeO_rgios Georgios Georgy Gevorg Gheorghe Giorgi Giorgio Giwargis Gjergj Gurg GyO_rgy Jerzy JiR_I_ Jord Jorge Juraj JU_rgen Sior Varughese YrjO_ Yuriy Garg Yure }
